pair_id,risk_score
P005251A8EE3F,0.013595246685184973
P0063FB324B74,0.007426863020970752
P006418909CD8,0.02646713369965963
P0067DB589E5D,0.014964754244652361
P00A052D15843,8.422089615101466e-05
P00B84CE3962D,0.020365333445093323
P0118A617043C,0.02034956607873084
P012860AA9106,0.01094781976032567
P01CD97EEA998,0.010947658483151842
P01E3FEA575F0,0.012210619201843654
P01E55374ACC2,0.014965190661111013
P028077F81BA5,0.05292462726080685
P0281F8994908,0.00040926205928950535
P0284807D82F0,0.020349566078106344
P0288D0D4628D,0.002096111252159506
P02C7FF235D86,0.026467133698989707
P02DA02503472,0.0030868700244773913
P031E0C1DC238,0.0200173966798756
P0327CE2BA876,0.029130701752164652
P035BB1B70032,0.020349566078088965
P037F8DEFAA4E,0.04866104734908599
P040948A091DA,0.003435170950405577
P041403A5BA57,0.0002741653312864977
P04187694D881,0.028777496846336383
P042C39A50B83,8.422089624284997e-05
P0430044C52E6,0.01094765848263205
P0461EFF49A0C,0.0019027542948704273
P048D90B3019F,0.02729248002822689
P04EBF469FC37,0.014964754244652361
P05892DF38418,0.008252365137840497
P05FB493FDBAA,0.02034956607873084
P06194F113A4B,0.0184713014579801
P0660F45B04E0,0.0030868702243250037
P068482622002,0.003048282193235716
P069964045861,0.014964754244652361
P06AC7A24B2F5,0.0019027542948704273
P070F7CAC70FE,0.017889556675355394
P07245F6E5034,0.008252365137840497
P074670D4C8B8,0.026467133698989707
P079FF0AFC62E,0.0019027542948704273
P07ED121A6DA2,0.014964754245239987
P07FE75432AA7,0.010948770909972195
P0860594CCFA5,0.003105491286757522
P0862E9333E1A,0.028997715243096373
P0879DF4082CE,0.020349566078088965
P08FFBA329D40,0.02646713369965963
P09256F6CC447,0.020350042783270638
P094250108B44,0.014964754245239987
P094759FC3B7B,0.02034956607873084
P0998BEC06848,0.020349566444497737
P09C01D8E7413,0.008252365137840497
P09C33E4D24A1,0.014964754245239987
P09CFDD80DD80,0.014964754245239987
P09D8023BCBA4,0.026467133698971062
P09E91BE2F497,0.02034956607873084
P09E9EC4EA2A5,0.026467133698989707
P0A442FAE53EB,0.0019027542948704273
P0A518235B402,0.04184666860250531
P0A51D9A3226F,0.013956755121044096
P0AB4EFCC5B95,0.014964754245239987
P0AE55B1C23BD,0.014964754244668275
P0AE9484451C2,0.020349566078106344
P0B1E1FAA7FF3,0.02646713369965963
P0B2478534540,0.008252365137840497
P0B6D8845F72A,0.013131172719550308
P0B949A882A1B,0.012210619201843654
P0BA1B0A1246F,0.015218139567787725
P0BDCDA873222,0.02646713369965963
P0C49D1FD8E85,0.020350042783270638
P0C6570B53A8E,0.0019027542945826159
P0CD072D6D899,0.020349927635833175
P0CD1AF261121,0.020349566078088965
P0CD472B84DC8,0.04504852397363206
P0CEDEE00E8EF,0.0019027542945746012
P0D2180C1A81D,0.05297825060979182
P0D2A1BFE306A,0.020350042783270638
P0D93230C6A8A,0.00030557306972261484
P0D940A07FFCF,0.0019027542948704273
P0E182FAA16FA,8.422089624284997e-05
P0E9112B2A8E7,0.020349566317863752
P0EAEF7D0B186,0.029083675372904218
P0EF4399732E2,0.013708213575938351
P0F3BA9577A1F,0.020349566078088965
P0FAD3FCE8A09,0.008252365137840497
P108C432D8991,0.02034956607873084
P10A8AE11BE0E,0.0019027542948704273
P10CEA4B0DE7E,0.0019040879037011444
P11154748A263,0.014647933736794122
P1120D64AB713,0.02034956607873084
P114DB9D0FD2A,0.0019027542945746012
P114ECF3B702E,0.007471798117773092
P11506D49A70D,0.026467133698971062
P116811724693,0.013956755121619618
P1171C6E58E66,0.013131295914453027
P11DCFFEA2312,0.00030557306972261484
P11F99B26E1D9,0.008252365137840497
P124D2CBA14E9,0.014964754245239987
P125B62F08D0E,0.02034956607873084
P128281370600,0.014964754245239987
P128283B64E11,0.02034956607873084
P12882B4D6CAE,0.006252960909068474
P12CFB34142F1,0.29325648942896704
P12E00115813F,0.020349566078088965
P1305F2065168,0.010947658482617577
P1319893386E8,0.0019348662283852202
P13635EEE22C1,0.0004870801447274321
P13B441ED05FD,0.012218206779456965
P13CD5685070E,0.013710417701062677
P13DC100F177C,0.0019027542945826159
P1417076E8763,0.02034956607873084
P1433C83FC577,0.014964754244668275
P143BA82939C6,0.07744600759851421
P14E84230D976,0.049779605049279765
P1568419F8DBF,0.020349566078106344
P15CE925A789D,0.013131172719534994
P1603EA368C08,0.008252365137840497
P1626067FE1E7,0.02646713369965963
P16303F6D73DD,0.0019791798018883805
P1650987B568E,0.0019027542948704273
P166E125601A3,0.0019027542945826159
P1683575A816E,0.0019027542948704273
P16BC6F6E096B,0.00780822409766247
P16C8E705C901,0.049958422732185606
P1715DDE94CF9,0.04889037634277943
P173692D208BB,0.008252365137365315
P173E6291F5CE,0.02196683628841548
P176F4B7CA6FC,0.02034956607873084
P17B83D2318B7,0.000134130274103879
P17CFDBE8F87C,0.02646713369965963
P17E3D23B0FB1,0.02034956607873084
P17EC295BB76D,0.026467133698989707
P1831691DFBD5,0.02034956607873084
P188144721769,0.02646713369965963
P1893F48685CC,0.012210619516758472
P18EB7179AE72,0.0019027542948704273
P19761F488FAC,0.0014621584663975164
P197E99F00D97,0.010947658483151842
P19813D527590,0.0544094102068127
P19D4F0E87BAA,0.02646713369965963
P19D71A3F3E31,0.02646713369965963
P19EC322D3772,0.014964754244668275
P1A757A2ED816,0.01094765848263205
P1AFF59A8765F,0.0019027542945826159
P1B2279348520,0.000134130274103879
P1B3B26A4BA6E,0.02246299124298638
P1B5D24392F05,0.010947658482617577
P1B7248810771,0.026467133698989707
P1B7A797C71BB,0.02646713369965963
P1B9242F1821B,0.012210619201306002
P1BC4E79DD397,0.05440941020600775
P1BDD0CF08EA2,0.007392885403296513
P1BED99040B43,0.07876950119640105
P1C04B55ABB72,0.014964754245239987
P1C08B01A8A10,0.013361166563809269
P1C1159C6A61B,0.0260329620813763
P1C17D5004B1C,0.02646713369965963
P1C1D920226C3,0.02021285658272526
P1C284366873D,0.02646713369965963
P1C489E437D71,0.005701398138754797
P1C4ADBD563AF,0.014964754244668275
P1C9E228CC52B,8.422089624284997e-05
P1D0A044B6033,0.0544094102068127
P1D22D24A493D,0.01094765848263205
P1D34B0B7E65C,0.020349566078106344
P1DBC6ECB7180,0.02034956607873084
P1E4495B234E0,0.007860403707994425
P1E6E6562379B,0.012210619201291035
P1F0AABBC7E93,0.020349566444497737
P1F48409AE85C,0.0019027542945826159
P1F589C64E823,0.02646974208628578
P1F6303588CBA,0.02646713369965963
P1F85CAC25DCE,0.008252365137840497
P1F884C236461,0.02646713369965963
P1F98E25BB441,0.0272642523334819
P1FAE7ECF0BBC,0.015336851138205694
P1FC4844E9F94,0.020350042783270638
P1FEADEB09DE5,0.02034956607873084
P1FEF8B176B48,0.04397173106311747
P1FFF4C85B7D2,0.0019027542945826159
P20266EF5FCA6,0.02034956607873084
P2040332C6EBD,0.0019027542945746012
P204F368EFFAB,0.026467133698971062
P2055EF2F860E,0.016855797127179217
P2094EACBC1F7,0.020349566444497737
P209B75CBF45C,0.014964754245239987
P209C32548252,0.012210619201291035
P211773F3823D,0.021693982395261994
P214D2C45A3CE,0.012210619201843654
P2164DE97BEA9,0.0066925441350146825
P21C5969EE4F4,0.02034956607873084
P22100B255C41,0.020349566444497737
P22569BBA4943,0.008959319676589998
P2284A21BD20A,0.0544094102068127
P22C74C27EC77,0.0018995698434034704
P22CC92A51169,0.02034956607873084
P230D7214A1DF,0.02034956607873084
P230FE38F1508,0.02646713369965963
P2347D237133D,0.0030868700244773913
P24305DA88E98,0.02034956607873084
P2453EE5DFBCE,0.020349566078088965
P24ADD8E8B9C3,0.014965190661111013
P24DF7C1A4D7A,0.008252365137840497
P24E420FE87D2,0.02034956607873084
P2529ED1B85B5,0.014964754245239987
P2547B9BEB259,0.0535071886129997
P254921F460F9,0.013956755121044096
P2549936024E4,0.02646713369965963
P255DFCFF239A,0.02020161423478651
P2571AB6345D4,0.020349566078088965
P257960A9365A,0.020349566078088965
P258BC1DB012A,0.013131172720100025
P259CE5E724BF,0.020349566078088965
P25ADC1AB6187,0.027811802078294732
P261B28868C4D,0.020349566078106344
P26283B5F3499,0.0019027542945826159
P265E8D297D13,0.020349566444497737
P26617B748F81,0.013956755121619618
P2696D299F8F9,0.02646713369965963
P26D1455ECBBC,0.0544094102068127
P26DF03C0798B,0.026467134092048063
P271C847FA6DD,0.008252365137840497
P272D2D2AD2B0,0.013594701415722325
P274244B9C0F8,9.295052300346875e-05
P277729BA2E2C,0.02034956607873084
P278193C747FD,0.014964754245239987
P27B5B49E3337,0.020349566444497737
P27BF3745BAA4,0.02034956607873084
P27CFCA0B982A,0.0004870801447274321
P27DB07A62D29,0.00040926205912000286
P27F158A84F0A,0.020349566078106344
P28772ACCC927,0.020349566078106344
P28883C0F1D1B,0.026467134092048063
P288943D8D2AD,0.02646713369965963
P28DB9E46CBA3,0.0019027542945826159
P291BFCD2143D,0.02646713369965963
P29238A5E7A1B,0.0019027542945746012
P296DD6BCDA43,0.08390179783876206
P29A3487E16BA,0.020349566078088965
P29EF14332C5A,0.020349566078088965
P2A0E4C3407CA,0.026467133698989707
P2A252909DEF7,0.000305573069874832
P2A84EDEFD4AA,0.054079327320124965
P2AB3E9161204,0.010947658483151842
P2AC22A86239A,0.008252365416158827
P2AF522758A69,0.02034956607873084
P2B1013DF82CE,0.014964754244668275
P2B4793EF0A36,0.020349566078106344
P2B8D6904B04F,0.020349566444497737
P2BB0776CF449,0.014964754245239987
P2BCE6AB236F4,0.020351194381534602
P2BFD3FCE0B8B,0.0004870801447274321
P2C95ED8F6B1D,0.020349566078106344
P2CEDC44E2B49,0.00190284359317396
P2CF9C862133A,0.010948860443534186
P2CFF1DBF6EBD,0.014964754245239987
P2D102E6F29D2,0.014964754244652361
P2D6A8C56BDEF,0.026467645099655372
P2D89FA4F744C,0.02034956607873084
P2D96F4C66207,0.02034956607873084
P2DB0846A9186,0.00040926205928950535
P2DB8505A70BE,0.02646713369965963
P2DEBF5AEAB2D,0.013956755121619618
P2E137E5BF215,0.020353525343954407
P2E2711A28424,0.02646713369965963
P2E4603C78DAB,0.026467133698971062
P2E4A36B4EEA6,0.02646713369965963
P2E9405BF5124,0.013131172720100025
P2EDD8FD14989,0.0019791798015965215
P2F0CF65DE0F5,0.01094765848263205
P2F18C9AF03E7,0.020349566078106344
P2F3AE21DBC48,0.013785112384953929
P2F512752226C,0.020349566078106344
P2F6A8E9D418D,0.02034956607873084
P2F8E9B363E6C,0.026467134092048063
P2FBF5C6AAE98,0.014964754580093753
P2FF120EE7EC3,0.01094765848268422
P300636BEAA1C,0.013131172720100025
P301955E2F60E,0.15387804317402254
P30AC0F491964,0.001462158619852171
P31093123C553,0.02034956607873084
P3126A0886899,0.020371800305936782
P315C4BC94D8E,0.013131172719534994
P31788E767E37,0.00022209863421178883
P31878EF05302,0.02646713369965963
P3199E72EEC4F,0.02034956607873084
P320307C00ABB,0.020349566078106344
P32151C6F3794,0.022096390781109698
P32254369C6CC,0.0019027542948704273
P323184A71475,0.0019027542945746012
P323C8752DD6E,0.02034956607873084
P323FC6700671,0.026467133698989707
P324B7BCA880A,0.010947658483151842
P327D315BFFB3,0.013956755121619618
P32B63DAE3DED,0.014964754580093753
P330CB60A43EB,0.026467133698989707
P332705924120,0.0014621584663975164
P333046E58021,0.010947658787606165
P33387914B942,0.010727869475532559
P335A366C8C34,0.02034956607873084
P337185EA2874,0.010958140162055
P3390D7D53D59,0.014964754580093753
P33ACFFCCCA5F,0.013131172720100025
P33B1C6EBCA22,0.04510192091929483
P33D82BE557CA,0.020349566078106344
P33EC1691691D,0.05240647556896812
P343D241D610F,0.003430292754288201
P346772DE1288,0.001979402600269345
P34865951B9AA,0.020349566078106344
P349302715DAD,0.2305530146330515
P3493EBB8F780,0.010947658482617577
P34B195107AB8,0.0019027542945746012
P34D09ED7851C,0.020349566078088965
P34D4C64E8AB1,0.02646713369965963
P34FE4775731A,0.026467133698971062
P354015799102,0.02034956607873084
P35716314BF1B,0.020349566078088965
P3575CE42170B,0.013131172720100025
P3580CF2A1E97,0.02034956607873084
P3583C728F207,0.013956755121619618
P35A3760B038B,0.020349566078088965
P35C6E264715A,0.012835489846149063
P35CAC4D2CC72,0.02646713369965963
P35D1369BDA08,0.02646713369965963
P35EEC469D5C9,0.02034956607873084
P35EF8035BC73,0.015082616766974335
P3633CD82825A,0.008252365137352087
P365F6B7D436F,0.02034956607873084
P3678B68D41ED,0.03351522371603106
P368BD222F7A2,0.020349566444497737
P36C52F08E2F7,0.012210619201306002
P375AAFDB21DD,0.010947658483151842
P37AB51F19D63,0.02034956607873084
P37B01283CD52,0.0019027542948704273
P37B6AA3C2D3A,0.02646713369965963
P37D8D646D44A,0.0019027542948704273
P38321BCAAACF,0.02034956607873084
P3840A96B2FB9,0.0014621584663975164
P3841543DAD88,0.013131172720100025
P3895B6C72ADF,0.01094765848263205
P3895C1677DD0,0.0019027542945746012
P38AA7DA93EB6,0.026467133698971062
P38C985C7494F,0.020349924059222337
P38DBDCD3DC2F,0.010947658483151842
P38FA61D76026,0.0030868700241266913
P393BC7D9CDE7,0.010947658787606165
P394C346481C9,0.014964754244668275
P394F8BAC0F65,0.026467133698971062
P399F4ACD4B57,0.02034956607873084
P3A442800262D,0.02034956607873084
P3A66316BA416,0.013245294319414402
P3A8708F8B8F8,0.0544094102068127
P3A98991C9FCB,0.010947658483151842
P3ABD4FFE4B18,0.0544094102068127
P3AC5EB6AD512,0.012210619201291035
P3AE90A87FF7E,0.008252365137352087
P3B12D17C9059,0.01094765848263205
P3B1688A42340,0.026467134092048063
P3B4DE3C60B11,0.026467134092048063
P3B57AF4555EB,0.013956755121044096
P3B69C75B56EE,0.010947658483151842
P3BDFDEE0340C,0.02034956607873084
P3C845E4F8B74,0.03593498110952639
P3C8FF141EAB9,0.02646713369965963
P3C9721B14C13,0.02034956607816904
P3CE8374506F0,0.0019027542948704273
P3D187F8CE28F,0.012822225599858081
P3D25E284BB31,0.01094765848263205
P3D7BEAEA05C4,0.020349566078106344
P3D83F827DDDD,0.014964754244652361
P3D87461A0CCE,0.020349566078106344
P3DC2958E306F,0.0004870801445621202
P3E0B0132115E,0.026467133698971062
P3E6A62EAA13A,0.008252365137352087
P3F1075F7A25B,0.013131172720100025
P3F66A1358501,0.014964754245239987
P3F95C59B6C0B,0.014964754245239987
P3FB6AABB9C0F,0.013131172719534994
P3FD8187E7AC1,0.0203577725036792
P407A608B4324,0.02008992643734556
P40AFE977A2B9,0.02034956607873084
P40B453E96662,0.0019027542945746012
P416199467EF5,0.0019027542948704273
P41AF1CC735F8,0.020362001472464447
P41EF3506B2CF,0.02034956607873084
P41F22DA8479D,0.02034956607873084
P4233A6387FE8,0.010947658787606165
P4253515998F6,0.02646713369965963
P42BE9F889686,0.02034956607873084
P42C7C9C77305,0.0019027542948704273
P4390C7F28816,0.0004470866496311101
P43C204D6A4E5,0.0019027542948704273
P43C362A60394,0.12132229996519651
P43D55564B17C,0.07825492374069581
P440FB1711235,0.020349566078106344
P441AA1B4B136,0.020357405067973466
P44211AC6B26B,0.02646713369965963
P4421CE2667FB,0.026467134092048063
P44385B6546BB,0.013131592354462323
P44504021DCF0,0.020349566444497737
P445DF95DB26C,0.020349566078088965
P448C7F07EEF3,0.02034956607873084
P44A4C41A6523,0.010947658483151842
P44E3CEF83EB7,0.01939188707865198
P450FDEE2DCA9,0.293252363703727
P45426712B999,0.020362001472464447
P4544E1866257,0.008252365137840497
P455718427B43,0.020349566078106344
P4594C7E89565,0.010947658482617577
P46062B2E330E,0.013131172720100025
P465B905142B7,0.020349566078106344
P466C5D6588BF,0.02646713369965963
P46A4E500166D,0.001903663899071615
P46CD9EBD2904,0.020349566078088965
P46DCAE0E2FDD,0.019198109001227356
P46E1A075776F,0.02034956607873084
P472C14DC0BF2,0.008252365137352087
P4730F33A0D87,0.008252365137352087
P47BC34BDB8AF,0.02034956607873084
P47CE567CE2BE,0.014964754245239987
P481C477C990B,0.01366933665912338
P48536ACB94AB,0.02646713369965963
P487017E0BAF5,0.02034956607873084
P488FBD7E493E,0.001902754463444131
P48CA6B033A8B,0.0019027542945746012
P48F18FA66BC6,0.020349566078106344
P4922DC569E49,0.0019027542945746012
P494C36636B54,0.02034956607873084
P495A7DBB4E70,0.020349566078106344
P49D15A55164F,0.026467133698989707
P4A0123E94CE5,0.01094765848263205
P4A116146C891,0.2316684279621976
P4A4D2183E5E5,0.04308832410054513
P4A5E9594AF3C,0.014964754245239987
P4A60A511E039,0.020349566078106344
P4A6157701E2A,0.020349566078088965
P4A67DD229BC8,0.02034956607873084
P4B02ECEBD5B7,0.012210619201291035
P4B5000F8E473,0.0019791798015883987
P4BCC613DA08D,0.02646713369965963
P4BFFB570A4F5,0.02034956607873084
P4C212D204D03,0.020349566078088965
P4C2ACC624C99,0.02034956607873084
P4C32831B108F,0.020349566444497737
P4D87ED2BB68F,0.001229582379036287
P4D8A9E5F767E,0.011256296218635628
P4DAC42231ED0,0.020349566078106344
P4E2E8D7C2AF2,0.0019027542948704273
P4E8FE17BFD3A,0.020350042783270638
P4E9966F4D4CF,0.010947658483151842
P4EA79EC1CF58,0.020349566444497737
P4EAC04D14EC2,0.026467133698971062
P4EB55BD635C6,0.010947658482617577
P4EDC79EB8974,0.010947658483151842
P4F1A544502D4,0.02034956607873084
P4F2120E585FF,0.013439985690156798
P4F23910D9EF8,0.0019027542945746012
P4F283D6B2015,0.0019027542945746012
P4F610983AB4C,0.013131172719550308
P4F672CECFBC1,0.008252365137365315
P4F6D50C909C8,0.0019791798018883805
P4FA493CCB47E,0.010947658483151842
P4FB1F29F7CEB,0.00048708014454673984
P4FEA37963DC5,0.02034956607873084
P50197C7FF16C,0.008252365137840497
P501B847FCCB3,0.01980581009092977
P506DAF91C397,0.02034956607873084
P5074DC72644F,0.026483471407030564
P50D079423DF2,0.013956755121059693
P5131A8E467C6,0.012210619516758472
P520426C68871,0.020349566444497737
P520DFA470FE8,0.0019027542945746012
P521C6C156A6F,0.020349566078088965
P524ABB51641A,0.0019027542948704273
P5288E4715891,0.008252365137840497
P528A843C2E0C,0.02034956607816904
P528FA6B0E1FB,0.014964754245239987
P52C96569BF10,0.0030868700244773913
P52F66FE021D8,0.0019027542945826159
P531C7978CCF0,0.008252365137352087
P533A27754557,0.02646713369965963
P53FA450872F8,0.02830441220806745
P54C1C448C09C,0.0014621584663975164
P550608F39201,0.02034956607873084
P559143026159,0.054410008020184135
P55AAE4CC25B7,0.020349569416045432
P55BDA69ABEB1,0.02717336296547185
P55CCAF09B36E,0.013893559658838688
P55CF9FA8C33D,0.012210619201291035
P55D0C86842AB,0.020349566078088965
P55F2A6CFC444,0.010947658482617577
P5653DDDC0FA3,0.02646713369965963
P5662165108B1,0.008345879683749127
P56A211874011,0.014964754245239987
P56D066DE1C91,0.026467133698971062
P56FE9F0E268E,0.0019027542948704273
P57079C3B4D4E,0.0019027542948704273
P57489D401DAA,0.013956755121059693
P577D939032E5,0.008252365137352087
P57A84AEB1B32,0.026467133698989707
P57AD161DE731,0.020349566078088965
P57B42E19CE25,0.02034956607873084
P581231EB6356,0.026467133698989707
P58125997B70A,0.026467134092048063
P581FA23BB408,0.020349566078106344
P58459ED7CF72,0.02034956607873084
P584F8E0E3767,0.0019791798018883805
P5859AD8BD52E,0.020349566078106344
P587EFE361861,0.02646713369965963
P588C111242B7,0.008252365137352087
P58D2F6F9606C,0.02034956607873084
P58E30B6D96F8,0.02034956607873084
P596FC869CF62,0.013131172720100025
P597C533CCDE2,0.020349566078106344
P59A1367CA668,0.02646713369965963
P59C2FBED6E9B,0.018311311394772548
P59C333BDDC70,0.020349566078106344
P59C7CAD969F6,0.020349566078088965
P5A04BF7805F0,0.010947658482617577
P5A0BC1CE5D1A,0.010947658482617577
P5A206B86FF9F,0.00040926205912000286
P5A42F6DB573C,0.013613600481324654
P5AA0B3800573,0.02034956607873084
P5AA3CC9BE76E,0.020349566078106344
P5AA512C6B839,0.026467645099655372
P5AAA6C52A650,0.013131172719534994
P5AC57F8D6B33,0.014964754245239987
P5ADC1707EAA6,0.0001341302742161032
P5B2DEDEE3CE9,0.02034956607873084
P5B2E8A34323C,8.422089614845666e-05
P5B541B647104,0.01677713101060223
P5B7022E43DD3,0.010947658482617577
P5B8AB4C907B8,0.026467201602941838
P5BE6FC04E140,0.03412304228724987
P5C1A06CD9245,0.02646713369965963
P5C4858F11BFC,0.02646713369965963
P5CC884A5D329,0.0019027542945826159
P5CFBB0BE5111,0.020349566078088965
P5D0408958D66,0.02034956607873084
P5D0663B6C6C5,0.02034956607873084
P5D0CA91FD52F,0.029514766465396858
P5D1B565B78ED,0.026467133698971062
P5D64BA0F105F,0.010572881443431664
P5D81CC4D9BA1,0.02646713369965963
P5DA7CD748D87,0.05440941020600775
P5DAA2D9C20A7,0.02646713369965963
P5DB64842AA11,0.0004270756250812791
P5E18B4BC371E,0.010947658483151842
P5E7E17D5EE03,0.013956755121619618
P5E7F49DD8FB4,0.02125895116891295
P5ECB048024B2,0.020349566078088965
P5ECBE441A532,0.01671499425125248
P5EEAA175C189,0.010947658483151842
P5F0B4157AB3C,0.03277682381275111
P5F1990294002,0.02202269584808837
P5F256F89DB65,0.010947658483151842
P5F7A1D2F9993,0.020349566078088965
P5F7D69195655,9.295052300611958e-05
P6054C700D8DE,0.026467133698989707
P605C7D4731AB,0.020350042783270638
P609414CF0F67,0.02646713369965963
P60D7993B0361,0.005414583447653746
P60F001619B3B,0.02646713369965963
P60F96C65DEF8,0.026467133698971062
P610CE4C5F212,0.2768271167224
P61230A5F71C3,0.014964754245239987
P61301799DC35,0.020349566078088965
P61337B5CB129,0.02646713369965963
P616B0E3A0181,0.010947658482617577
P61A09A46936A,0.013552367210161535
P61AF89484A48,0.0019027542948704273
P61D56544DDAF,8.422089615101466e-05
P61D9C629C563,0.008252365137352087
P62461A577648,0.010947658787606165
P62501C20E14C,0.02034956607873084
P625D142A5775,0.020349566078088965
P628A321AF304,0.020349566078088965
P629BC621731B,0.02034956607873084
P629F6FFBEE96,0.0019791799728347535
P62A4AD5A7CF7,0.02646713369965963
P62BA9D812ACD,0.018193228087296207
P62F3691F8FF3,0.010947658483151842
P631DDBEDCA09,0.020349566078106344
P632A0222C6D7,0.02646713369965963
P633A844C55C1,0.0019027542945826159
P635DA561A429,0.02646713369965963
P636476CC66B1,0.026467133698989707
P6366CAA3D6BA,0.02034956607873084
P638A42110B29,0.026467133698989707
P638F9D28ADC9,0.0019027542948704273
P63D60148B677,0.013855754533066372
P63EC120B7128,0.02646713369965963
P63F1F1D75893,0.01094765848263205
P640719BF65E7,0.0020919390334129756
P6451EB46467F,0.02646713369965963
P649F8252C2A2,0.02034956607873084
P64CC4E863500,0.0019791798018883805
P64DBA2B0B941,0.026467645099655372
P64DE2A910B03,0.008252365137352087
P6576F9DCBE10,0.013131172720100025
P658EDE9EB34C,0.005724585307890238
P65967014AD56,0.001462158466161823
P65B5713C5DAB,0.0019027542945826159
P65BBB413C440,0.012210619201291035
P65CD2A2FE4D8,0.020349566078106344
P65D743AE2119,0.026467134092048063
P664BA2AA6167,0.0023383642932961702
P6678661C84DD,0.020349566078088965
P66887A597A4D,0.0019027542945826159
P66891F4033F3,0.02646713369965963
P66CBC3FAAA43,0.02646713369965963
P6729E1DADFF6,0.0019027542945746012
P676367B63759,0.008252365137840497
P6769F42654AD,0.0030868700241266913
P676BE7D2F711,0.020350042783270638
P677D5A0297E4,0.02034956607873084
P67E2CA9780DE,0.0019027542948704273
P67F38A1F90E8,0.026467521571642217
P67FC499B389C,0.054409410665505316
P67FF55C0CA18,0.02034956607873084
P681BE95A2A92,0.0027682835828173684
P681D90752D68,0.010947658482617577
P681E606DC91B,0.01094765848263205
P6843B7C433FE,0.014964754245239987
P68BB1DD0615D,0.020153629724741502
P68E6F4C78ED9,0.0002147948425140957
P68ED637F446F,0.02034956607873084
P692C6E627BAA,0.02646713369965963
P693AA47AC083,0.03774833625463635
P697FBF672EE8,0.02034956607873084
P697FC3D13A35,0.02034956607873084
P6988A13E734F,0.020349566078088965
P698FF235AB07,0.014964754245239987
P6A63EF3BF965,0.0019027542948704273
P6A8780D72A80,0.02034956607873084
P6AAB55F7640F,0.0019027542945746012
P6B09D583A8F7,0.02048085573851448
P6B0B6443CEA4,0.014964754244668275
P6B33E35E49A8,0.020349566078106344
P6B4166B79318,0.09112670392689447
P6B6AF3CA2975,0.020349566078106344
P6B92C0F09B9B,0.01094765848263205
P6BCC73238EB8,0.013131172720100025
P6CDB6BD03AC1,0.026467133699231534
P6D29581900C5,0.013131173042077483
P6D4A47B0636A,0.000134130274103879
P6DDDECFD17A0,0.0019027542948704273
P6E11F4593677,0.02034956607873084
P6E7C30312FDB,0.0019027542948704273
P6E897D12B11C,0.013288958385918568
P6E8CD679AD5E,0.0019027542945826159
P6EF99840E7D6,0.02034956607873084
P6F47DB105570,0.0019027542948704273
P6F5FBB0BB496,0.02034956607873084
P6FB04528E1FC,0.02034956607873084
P6FB111DF5132,0.0019791474705378427
P6FF7BC814CF7,0.02035000282659953
P70042656996A,0.02034956607873084
P700CE509B3CC,0.013956755121059693
P701CF8DFF886,0.014964754244668275
P702900727D98,0.02646713369965963
P7046C99AF83D,0.016717593048063622
P705E15BA84B0,0.0019791798015883987
P706FC059993A,0.020349566078088965
P70802C1E14DE,0.0019027542945826159
P70A775F2BD1D,0.029366336355811463
P70C5A2F280C9,0.05440941020602956
P70D833723CCF,0.02034956607873084
P70F0C536AFBD,0.008252365137365315
P7110CD1E2775,0.008252365137365315
P713C8EDB1F6B,0.010947658787606165
P714517625998,0.020349566078088965
P716A94460337,0.0019027542945746012
P719EFF3874D6,0.020349566078088965
P721758CF1DC8,0.012210619201843654
P722C72A597D7,0.0012186493298243116
P723F4979D5B7,0.026467283834402416
P726CD4D935AF,0.010947658483151842
P72A0E8188CAE,0.0019027542945826159
P72B877DD2318,0.008252365137840497
P72C304C9A5B7,0.02646713369965963
P72CBF5F1E0E7,0.020349566078106344
P72E531B83CB3,0.020349566444497737
P72F4E2604782,0.00022209863421178883
P736FF77320B2,0.02034956607873084
P73D401A4AF80,0.02034956607873084
P73E175C103CF,0.008252365137352087
P74126210AFA1,0.02646713369965963
P7443F7B3C809,0.015369053936055232
P744439995594,0.02034956607873084
P746A76400CCD,0.014964754244652361
P747AE0963045,0.014964754245239987
P7497A758FB1D,0.008252365137840497
P75078E42E8FC,0.012210619201306002
P750C49BD0B06,0.020349566078088965
P754487B1211C,0.0019791798018883805
P7548DE1AE6C3,0.0019791798015883987
P756FF671A396,0.026467133698971062
P757B1C4DA8A2,0.026467133698971062
P757EEFC57ACB,0.020349566078106344
P75830D095F2F,0.02034956607873084
P7596ACE7FC44,0.010947658482617577
P7599886E7B65,0.013131172720100025
P75AB1916F458,0.026467133698971062
P75B2230B0568,0.014964754245239987
P75BA0B777D70,0.013956755121619618
P763894767B4A,0.02034956607873084
P7712643B6BD9,0.02034956607873084
P771D3C012C50,0.0019791799728347535
P77239E6C7382,0.015149637703363873
P773F5D3D9E0B,0.02034956607873084
P774A15A04BD7,0.0019027542945826159
P776D298D98D1,0.0019027542945746012
P7795A8CF670D,0.011130985476704611
P77A95346367D,0.020349566078088965
P77D8E9AF06F2,0.02646713369965963
P77EBF8A776ED,0.0005683598467966131
P78209ABA4A00,0.02034956607873084
P7848EFDE7CC2,0.0019027542948704273
P789234710976,0.02034956607873084
P789C7F7F1F99,0.02034956607873084
P78AB34D06195,0.013369297408171745
P78B8B9698A5F,0.012210619201843654
P78DC9355E969,0.020349566078106344
P795A035AAAE1,0.0019027542945826159
P79A30E5758A2,0.01094765848263205
P79CC3A62240C,0.01094765848263205
P7A10BF26844A,0.014964754244668275
P7A2A23972CE0,0.014964754245239987
P7A583F80D0DC,0.026467134092048063
P7A72938FF808,0.003435170950051495
P7A84454E7D45,0.008252365137840497
P7AA1FE1D07FA,0.026467133698971062
P7ADC90BD6BE1,0.02705115520865841
P7AE1290A1DE6,0.0544094102068127
P7B3894FFBD5E,0.013956755121619618
P7B3C177781F7,0.01367172689146373
P7B73E1BF867C,0.017857921729950616
P7B909B7A8749,0.0014621584661282279
P7BEF4C05BB95,0.02034956607873084
P7BF183C756F3,0.0544094102068127
P7BF8AA8DDE73,0.02034956607873084
P7C11D1D3A673,0.026467133698971062
P7C2DCE6CDB96,0.00013413027410692067
P7C8434576030,0.02034956607873084
P7C99ACCCC4B1,0.020349566078088965
P7CABB76C721D,0.010947658483151842
P7CE4F7C40C4D,0.01094765848263205
P7D277B4D34F1,0.054410008020184135
P7D2D3F42BE0D,0.026467134092048063
P7D2D9181C21A,0.0019027542948704273
P7D4429DDCADA,0.0019791799728347535
P7D7268E2BD4B,0.026467133698971062
P7DD1FEC91185,8.422089615101466e-05
P7E18030E48D7,0.016029231957044292
P7E23F4BD7956,0.014964754245239987
P7E926C8B7FC1,0.02034956607873084
P7EA38586B6A2,0.013131172720100025
P7EA50EF57D7A,0.013956755121619618
P7F37070C4CAD,0.014964754244652361
P7F46D34057D1,0.03715900780104375
P7FA1EB687117,0.0077036655367716065
P7FA4AF1FAB50,0.010947658482617577
P7FD36ED2C969,0.02646713369965963
P800576F0193F,0.02646713369965963
P801239CB5E62,0.02034956607873084
P8031BB9997FC,0.01836745699328416
P805BD3D6E287,0.0019027542945746012
P805E486CD887,0.0019170710962411034
P8070E6E6C881,0.012924491004079563
P807C4C3E42BA,0.02646713369965963
P80F5BDF59D81,0.013956755121044096
P80FF7E3427AC,0.020349566078088965
P8179F61D7E70,0.014964754580093753
P81996B8180C7,8.422089614845666e-05
P81B992D243E0,0.0544094102068127
P820C3CD80B78,0.026467133698989707
P824FFD7574E6,0.013956755121044096
P825BB2BF0C47,0.007856658463606838
P8285103243A3,0.013131172719534994
P8291A76FBC93,0.04002210376022283
P82A2C1129534,0.013719461644755014
P82AC5A1AFC06,0.02034956607873084
P83071F0A5895,0.014582020152606987
P83188734A85D,0.02034956607873084
P832902B4225E,0.02034956607873084
P835041F9EF6D,0.001902754463444131
P838EF7899650,0.014964754244668275
P83BCBD406021,0.02646713369965963
P83D20E85B3E3,0.0006839363986721867
P83DA8784CCC5,0.020349566078088965
P83EAAF04D2F2,0.02034956607873084
P84717FDD1A2C,0.02034956607873084
P84CDD1BF4DC3,0.02034956607873084
P84FFC32BB560,0.010947658483151842
P85BB68E6A1FB,0.02034956607873084
P85C813122356,0.020350042783270638
P8670C8A51894,0.010947658787606165
P86C5222AA09A,0.020349566078088965
P86DD2CD97890,0.02034956607873084
P86E90252E782,0.02646713369965963
P8701956AC183,0.02646713369965963
P872C15AFF591,0.014964754244668275
P873DB5E9DFEF,0.014964754244668275
P875605B34716,0.02034956607873084
P876E1AE94B96,0.02192579616453984
P87829C4022FB,0.0019027542945826159
P878ACEC33A0C,0.02034956607873084
P879CAC4A425A,0.010948770909972195
P87DF3CF56A31,0.026467133698971062
P87F6A6470215,0.008252365137365315
P87F6EFD0AA30,0.020349566444497737
P881C65187D70,0.020349566078106344
P88403CC5B463,0.008252365137840497
P884643F7EB2E,0.02646713369965963
P8851BBE82CBE,8.422089624284997e-05
P88E1C06882F5,0.014964754245239987
P8911E99E02DC,0.02646713369965963
P891D98A54284,0.020349566444497737
P896109B954E1,0.020349566078088965
P896915FD62EA,0.019873343618781056
P897ED516F9C0,0.020349566078106344
P898926A1841E,0.014964754245239987
P899867283BBA,0.020349566078088965
P89BB84315280,0.001980102206666575
P8A1CF789E512,0.020349566078106344
P8A5D23EEC1B4,0.02034956607873084
P8A81C053E8B4,0.026467133698971062
P8ABCD164C0BD,0.05589000276962496
P8AD60CCA2894,0.020350245324487082
P8B345957CFBB,0.013246448693995138
P8B43BFE6A7A7,0.02035633359201971
P8BE23EEA2D43,0.014964754244668275
P8C1A11AAF2DA,0.014964754580093753
P8C613F31F9D0,0.020349566078088965
P8CCC0BFD1E74,0.02646713369965963
P8D09E5082884,0.02034956607873084
P8D0BC6D0864A,8.422089614845666e-05
P8D4C89BA566D,0.02034956607873084
P8E062F380CD4,0.02646713369965963
P8E0D9DF63615,0.02034956607873084
P8E891D8B5FAD,0.02034956607873084
P8E92CDD77C89,0.02646713369965963
P8EC2C3012EA5,0.02034956607873084
P8ED052D0C5F8,0.01974945704782567
P8EFE5D2B10FC,0.020350902522792126
P8F205C1410B4,0.013956755449577519
P8F483C1980E0,0.05440941020600775
P8F57D871CD37,0.0014621584661282279
P8F72AE5E1F7C,0.010947658482617577
P8FA3EE3B63F6,0.020349566078106344
P8FAA7D1CD2E7,0.026467133698971062
P8FCAEF6AE76D,0.013956755121619618
P9005F9EDB8AB,0.0544094102068127
P908FF66FCA41,0.010947658482617577
P90AA3146A05E,0.020349566078088965
P91435D61E959,0.02034956607873084
P91450640BF15,0.014964754245239987
P91480A2B0DE3,0.008252365137352087
P9176D0428132,0.014964754244668275
P919E265E221D,0.01691124883582585
P921163A08928,0.013131172720100025
P9257DCC5642B,0.026467133698989707
P92A6DC07EEA3,0.026467133698989707
P92A8C99F3C03,0.02646713369965963
P930635DFC8C3,0.026467134092048063
P933403F70311,0.02646713369965963
P93724CDB5067,0.013666959302108749
P944D7C064122,0.026467133698989707
P94796D093F50,0.01094765848263205
P949204F226AD,0.020349566078106344
P94A9654C278C,0.0019027542945746012
P94AA49630E20,0.020349566078106344
P94F1FD2AD345,0.0019027542948704273
P957F443EEAB5,0.020048955564387485
P95E8F94724E5,0.020349566078088965
P95FB9C297076,0.0019027542948704273
P961CEB9EEC55,0.027349037686042167
P9639BF5C5B18,0.020350902522792126
P966DE8B78F90,0.01366808007037769
P9672D5772D32,0.02034956607873084
P9686D8154819,0.020349566078106344
P96F2CB14708A,0.01313893042091762
P96F657720E4D,0.020180941808332745
P971A63AB1905,0.02034956607873084
P9726215109E1,0.008252365137365315
P974FC0029926,0.0019027542945746012
P9755E6688979,0.008252365137352087
P975F059393E1,0.008252365137365315
P97AD8EB7C1A2,0.026469250824147455
P97EB86F60444,0.02646713369965963
P98040DE8411F,0.02034956607873084
P986AEA589825,0.19875574445623417
P98B94D2287BC,0.008252365137365315
P98CF6E9C07E7,0.02034956607873084
P991FED377BBB,0.0067191475699412305
P99406CF31C35,0.010947658482617577
P994E831E5EF0,0.02646713369965963
P996BDDCB1CAC,0.020349566078088965
P99CECD2A5A9A,0.02646713369965963
P99D2E7D9682B,0.008252365137840497
P9A2C07A598FC,0.026467133698971062
P9A901BC418F9,0.0203577725036792
P9AA9B4B88A5F,0.02034956607873084
P9ABAEA58E34B,0.020350042783270638
P9ADCB96888A3,0.020220342417026107
P9B00548C8712,0.0030868700244773913
P9B43144D8AF0,0.010947658483151842
P9B6927D8AA48,0.026467283834402416
P9BB5D2ACCD70,0.020349566078106344
P9BB870744AC0,0.013131172720100025
P9BDB5F2360A4,0.02034956607873084
P9BE53160A5A4,0.008252365137365315
P9C170D6B9540,0.026467133698989707
P9C285572BDF5,0.0019791798015883987
P9C374830D2EB,0.02034956607873084
P9C484E769406,0.010947658483151842
P9CD1A86A7FF2,0.020349566078106344
P9D27EF767859,0.026467133698971062
P9D538E758B5A,0.020362001472464447
P9DAE805F20E5,0.020349566444497737
P9DEE2896C8CA,0.008252365137840497
P9E2D65E70B81,0.02034956607873084
P9E331E96715C,0.027311668403876336
P9E783B2C1D83,0.0019027542945826159
P9ECF87FB1030,0.02646713369965963
P9ECFE8610600,0.0019027542945826159
P9EE0EF52CA39,0.02646713369965963
P9EE97CB00C4F,0.02646713369965963
P9F10160E4D42,0.012986808369735925
P9F6741C74625,0.0019791798018883805
P9F73F2F0A84F,0.0019027542945746012
P9F9F36CB9AEC,0.02034956607873084
P9FB308CE4DB6,0.02034956607873084
P9FD36B3FB057,0.013956755121044096
P9FD9D95F10EA,0.012210619201843654
P9FF8D9E09746,0.026467133698989707
PA01DFDAF6259,0.020349566078106344
PA08B4F862EB8,0.002167365998605739
PA1103F3C9694,0.01094765848263205
PA155C278FB40,0.013614817568958814
PA175BC3750DD,0.014964754245239987
PA1866CD1D5AB,0.02034956607873084
PA1B22958C6FB,0.02646713369965963
PA1BF042E3AF7,0.026467133698989707
PA202421BB4FA,9.295052300346875e-05
PA227AF6F44FC,0.0014621584661355185
PA25A66704093,0.020350042783270638
PA27D5EFE6F3E,0.008252365137365315
PA27DD577B2CF,0.008252365137840497
PA29B6CCD5157,0.04918432011591791
PA2BF1C3B5506,0.018441379386163963
PA2CF83B4AE7F,0.010947658483151842
PA310DD9F3758,0.0544094102068127
PA3184D43F87B,0.02646713369965963
PA3B1ACFD3F05,0.02034956607873084
PA3B6B152B801,0.0019027542945746012
PA3E5A528817C,0.008252365137840497
PA3F98FC912DA,0.01094765848263205
PA3FCF7090BEF,0.020465019552053567
PA438FBF9477F,0.000134130274103879
PA43D0AD6689C,0.0019027542945746012
PA4572ABA6746,0.008252365137352087
PA467A3F1422A,0.02034956607873084
PA473AE8413F8,0.0003055730697267402
PA506D1D48B6F,0.0019027542945826159
PA5151FCB9096,0.17928479316349233
PA55981003307,0.02646713369965963
PA574B83E4881,0.010947658482617577
PA5804D98CAE4,0.026467133698989707
PA581E04950C7,0.026467133698971062
PA5E9BE4A6127,0.014964754245239987
PA6163026CEB8,0.02646713369965963
PA6824E5E0F22,0.01693166698572865
PA689711383C8,0.0019791798018883805
PA743EF6C8C94,0.02034956607873084
PA75914E2B735,0.0019027542945746012
PA78557C9DC77,0.012210619201306002
PA79A5DBB14D0,0.016747286761981988
PA7EA150BB210,0.027377606983351867
PA85EEF67A69D,0.013131172720100025
PA887BEA91A28,0.0019027542945746012
PA89827DBC8CB,0.020349566078088965
PA8AD58A84976,0.002094145887829088
PA8CAD9ECB2CC,0.0019791798015965215
PA8D4B0BD4DA8,0.0019791798018883805
PA90C309D7E2C,0.014964754244668275
PA91236FDD189,0.3155498978281917
PA9A7028551EA,0.020349566078088965
PAA76CC6248F7,0.020349566078106344
PAA8BD0A0A96A,0.04949208682189985
PAABD3CA24B13,0.012210619201291035
PAAC58FDC06E7,0.0019791798015883987
PAAE5FC224367,0.020932254548198363
PAAEEB0E332A1,0.018921147841483795
PAAF3B0CF3F10,0.02646713369965963
PAB4B95EA1931,0.0066214328278764575
PAB5CF98F5F52,0.020349566078106344
PABB25815D531,0.014965190661111013
PABC471FC779F,0.0019027542945746012
PABE259DF539A,0.02034956607873084
PABEF3FDEB3F5,0.005885708933489058
PABF3A203F363,0.0019826144233685452
PAC2C6B4578FE,0.054409410665505316
PAC6C32AE1B61,0.022276196368085692
PAC88000C1DFD,0.012210619201291035
PAC90C7DAFDA5,0.003468886081652187
PAC925D811459,0.013415892477803584
PAC9DFFBCF3A1,0.02034956607873084
PAD170AD72436,0.010947658483151842
PAD7CA7DCEF54,0.0019791798015883987
PAD7CBB765330,0.008252365137352087
PAD8E76E47516,0.008252365137840497
PADA4CCDB4B85,0.020349566078088965
PAE6D07573AB6,0.013131172720100025
PAEA7A40A3FDE,0.04050664950892786
PAEBB0026FC43,0.010947658482617577
PAED97024931D,8.422089624284997e-05
PAF224CE084DB,0.001727649011946434
PAF444BDE48B8,0.020349566078106344
PAF758B18DCFE,0.020349566078106344
PAF7A0B77691F,0.05437803649943348
PAF7EED72EFD9,0.02034956607873084
PAFAC8E346110,0.008252365137365315
PB13D71FC9FFF,0.010947658482617577
PB13F8400642F,0.020349927635833175
PB146F9B7B0BE,0.026467133698971062
PB155A68606F3,0.02034956607873084
PB17D105E0C6F,0.012678814689492219
PB196D3B8CCBE,0.0019027542948704273
PB1A7E3E5C004,0.014965190661111013
PB1F06B6D3133,0.020349566078106344
PB20ED4FCB959,0.0001341302742161032
PB21B6CBFB100,0.008258609961653025
PB232477E5ABD,0.05543510965094725
PB263AC4EF568,0.0019027542948704273
PB290526C174F,0.02034956607873084
PB306773AAAEC,0.02646713369965963
PB320237BD475,0.02035153957364919
PB333FB448FF8,0.008252365137840497
PB379DA61182E,0.00030557306972261484
PB4B14BB0012E,0.02034956607873084
PB4D19FC33B10,0.02646713369965963
PB4F737633F12,0.000134130274103879
PB52909F0AF22,0.02027331861801622
PB56A1C620D9F,0.010947658482617577
PB57817F19174,0.026467133698971062
PB609D5F0ECD7,0.0019027542948704273
PB620020DCCE9,0.020349566078088965
PB64355C5AFCD,0.0003055730697267402
PB65F79932DD2,0.026467133698971062
PB677C0111BB2,0.017864161014054702
PB683104CB26B,0.02034956607873084
PB697D403BD4F,0.02034956607816904
PB6A03916AE0F,0.0014623584683251417
PB6E3E39E56B9,0.01967094631432441
PB6E8A8B91E70,0.009905340406592683
PB6F9B02279DD,0.0544094102068127
PB713520EF6EC,0.00048763581138766234
PB71606D90F5C,0.02647658746278978
PB73A395FE0C9,0.04888691111320843
PB748319D7E8E,0.02034956607873084
PB76D64EEC2B8,0.008252365137840497
PB7B02104DF9C,0.020349566078088965
PB7B5235C19A3,0.02088731102335875
PB7D223995255,0.010947658483151842
PB7DF1CCDB852,0.02035153957364919
PB7DF279F45D5,0.02034956607873084
PB82433C126A8,0.02034956607873084
PB888FC01303D,0.020349566078106344
PB8D202BD369C,0.014964754244652361
PB923B978A0BF,0.010947658482617577
PB9A70A1A37EC,0.010947956456817117
PB9F79E93D9DD,0.0522005562543732
PBA00F7E89B65,0.003435170950051495
PBA6B1276B3B3,0.008252365137840497
PBA6F5A496D30,0.2514481873312952
PBADEAEDEB02C,0.02034956607873084
PBAE882457C49,0.010947658483151842
PBAEE3EB63742,0.047088492757571314
PBAF7F470A8FB,0.014964754244668275
PBB3527A508BE,0.013131172720100025
PBB6C01A6C4A4,0.014964754245239987
PBB7C12A2085F,0.026467133698971062
PBBD88320AE9A,0.014964754245239987
PBC0EDE694FCA,0.0544094102068127
PBC2270AA1C94,0.010947658482617577
PBC2C27D54F2D,0.0019027542948704273
PBC38498F0116,0.010947658482617577
PBC4244807E5D,0.008252365137365315
PBC48F0BB2B44,0.013491772425801
PBCA00010792A,0.02646713369965963
PBCF7A8DBAE7D,0.010947658483151842
PBD498BD11DE5,0.02646713369965963
PBDD1FA84C03F,0.013365670737494438
PBDF29B5AB2A7,0.013131172719534994
PBE07204E3A29,0.02646713369965963
PBE09B0B883D4,0.010947658483151842
PBE3A9381D931,0.020349566078088965
PBE4402F76F09,0.0019791798018883805
PBE73969E5CE7,0.026498631985850642
PBE7A32A2AD63,0.0019027542948704273
PBE9AB5A0FE9E,0.008252365137365315
PBEC7E0B66EC6,0.008252365137352087
PBF1FB52018DF,0.02647593729388649
PBF2FD1EBA311,0.02646713369965963
PBF4537E7D9D6,0.020349566078106344
PBF69C065BD77,0.020144906115929992
PBFB148AA70FE,0.028952961457315286
PBFD78AAF7742,0.026472850392713153
PBFE3D0B1CD9F,0.0019027542948704273
PC051F09DE2BB,0.02036365249156188
PC05AEF11E901,0.020349566078088965
PC0A60F97F007,0.026467133698971062
PC0E30DA971D2,0.014964754245239987
PC0F3BB0933BD,0.015869504012886206
PC119D2054B5D,0.0019027542945746012
PC13EF9C4C6BE,0.020349566078106344
PC1705157BDE0,0.02646713369965963
PC17ED51EE40E,0.10590612087222281
PC18428F143F5,0.008252365137352087
PC1E5C5F0AB90,0.012210619201843654
PC20CF82475C7,0.010947658787606165
PC243C8F5CF97,0.013332922972622547
PC286FFDF899B,0.02034956607873084
PC2B8EA1FCA4E,0.020096768954785293
PC2D8DD01ADEF,0.020349566078106344
PC2E0CDE96C7E,0.013750647339954207
PC36434FF6C47,0.000134130274103879
PC3878B017AC0,0.013131172720100025
PC38C9DC49748,0.0019027542945746012
PC38F75B12A58,0.00030557306972261484
PC3A936EA0DB3,0.02034956607873084
PC3B7B8B36912,0.004670602535896508
PC3C2DC1AF61F,0.008252365137352087
PC3D43AB33B6A,0.02034956607873084
PC3DADCBD9BCE,0.02034956607873084
PC4131CB9F1DA,0.026467133698989707
PC4212B44DCE3,0.016152703239948836
PC4220A034D42,8.422089624284997e-05
PC4FABB78E6E0,0.026467133698989707
PC51AC2E24B78,0.026467134092048063
PC560251DC75F,0.0019027542945746012
PC587DB017A9F,0.026467133698989707
PC592F10E3839,0.001979179801625821
PC5F582580F45,0.0019027542945826159
PC607965D1F1D,0.0014621584661355185
PC60A7B2A5FEE,0.020108307765794167
PC63919A68B33,0.01094766019135087
PC672380DDE64,0.02034956607873084
PC759BC273965,0.026467133698971062
PC761D249204E,0.02034956607873084
PC78A0859B7D7,0.02646856741065203
PC79BFC52D533,0.012210619201306002
PC8602F2B3E15,0.0019027542945746012
PC892789E99D0,0.0019579527742837654
PC8958532846C,0.020349566078088965
PC8CF10BA44AA,0.01094765848263205
PC909FAF5A67F,0.013035677787802612
PC929731BBE6C,0.010947658482617577
PC934EBD766EE,0.02035153957364919
PC94C281CCA7E,0.020350042783270638
PC95238955EBF,0.020349566444497737
PC95FC3BECD10,0.020393016517305598
PC995868F578A,0.020349566078106344
PC9CF44D233DD,0.010947658483151842
PCA0A1C92F9F5,0.013304044620347392
PCA3E8127D8CB,0.0019027542945826159
PCAB869565291,0.0034302908382894287
PCAC8DF04308D,0.02034956607873084
PCAF2EBB1C563,0.010947658482617577
PCB355E6BD7D7,0.010947658482617577
PCB774600E453,0.01497613896917622
PCB7F911236D7,0.026467133698971062
PCB92EF4F91B5,0.0019027542945746012
PCC3EEF5C00D8,0.020117645197172455
PCC40EBF1CA90,0.0019027542945826159
PCCE688D12460,0.0019027542945826159
PCCF4781831E7,0.02034956607873084
PCD1DC53669D5,0.0019027542948704273
PCD2E280D6B29,0.020349566078106344
PCD8A11674A9E,0.0034302908382894287
PCD9771283E7D,0.0012588963569958346
PCDA6C48A91FB,0.015246236703171573
PCDFB7ACB3E86,0.02646713369965963
PCE08C302747F,0.026472850392713153
PCE091AC2077E,0.026467133698971062
PCE1610D83E1E,0.049197254416298956
PCE197CC165B4,0.02646713369965963
PCE2732920FEE,0.026467133698971062
PCE3725CF9B3D,0.026467133698989707
PCE4F9549B21D,0.026467133698971062
PCE4F9BF39601,0.020349566078088965
PCE61FFFF8438,0.020349566078106344
PCE7FD3ABA95E,0.012914528130114792
PCE8FD6C4EB87,0.020350042783270638
PCEBEAF0FC052,0.013131176071988585
PCEF142E49F5C,0.0019027542945746012
PCEFF389A08B9,0.07399240877356228
PCF07232E9584,0.014964754245239987
PCF65E0D1F609,0.02646713369965963
PCF7F873C6606,0.026467133698971062
PCF98C13480A3,0.003435170950405577
PCF9B5FD72963,0.013956755121619618
PCFAC3BDC4EC3,0.013956755121059693
PCFFFCDFE7FB7,0.008252365137352087
PD072344D41CF,0.013131172719534994
PD08FE06663A8,0.02034956607873084
PD0B5C97F0DEB,0.010947658483151842
PD0F0D54C59E4,0.010947658482617577
PD11617F53FBD,0.0019027542948704273
PD118D47A3FC0,0.07401661225881405
PD1A5F846E5F6,0.01930698477932982
PD1BCEACCC728,0.020350293517103237
PD1EA1EB760A0,0.014964754245239987
PD1EF27FC7A02,0.008252365416158827
PD257CB946269,0.013131172720100025
PD2AE37EDEE4A,0.000305573069874832
PD2F93FFDEA28,0.01094765848263205
PD30D80BC5CDB,0.0014621584661355185
PD31FADC0FFC9,0.0019027542945746012
PD326CC9E46F5,0.02646713369965963
PD32C883D53BB,0.013956755121059693
PD36241FFA70E,0.013561578020532351
PD39702ED1313,0.014964754244652361
PD3A6A103E040,0.02646713369965963
PD3AE18626DFE,0.020349566444497737
PD3DA7111A677,0.008252365137840497
PD3EA07AA22B3,0.026587409710954434
PD3EF4F14E0B6,0.013131173042077483
PD40C2DB74338,0.020350042783270638
PD465D779E9DA,0.014964754244668275
PD472345A88F5,0.02034956607873084
PD4C560A1A3C5,0.001902754463444131
PD4FBC644332F,0.026467133698989707
PD54573943782,0.010947658483151842
PD547A8BE30A0,0.010947658482617577
PD584ED4CC771,0.020349566078088965
PD63B498AF18A,0.026467133698989707
PD63D240541BB,0.02646713369965963
PD64B03185437,0.013059415500729317
PD65327EFB6CA,0.021255254048702935
PD66E04C44AC2,0.008255880756207458
PD68A3FDE074E,0.0019027542945826159
PD7024C88DDC6,0.020349566078088965
PD70923E8E490,0.020349566078088965
PD760CABD556D,0.02646713369965963
PD768092A9AB5,0.014964754245239987
PD778B97406D1,0.0014621584661355185
PD782A9EB1AD7,0.00048708014455163355
PD78BBEAFBC2E,0.08675666333210484
PD7C6401261EF,0.0019027542945826159
PD8924E57396D,0.014964754245239987
PD8A649536990,0.02034956607873084
PD8A7675B7217,0.012944858580024638
PD8D8FD21B6F1,0.026467133698989707
PD932DD2F024E,0.0014621584661282279
PD94FCFE17453,0.17928479316349233
PD9747E536A1F,0.014964754245239987
PD98E6EB35F27,0.010947658482617577
PD9BCF3A86D29,0.0034351709500416295
PD9C38C225144,0.0019791798015965215
PD9D67910CB97,0.02034956607873084
PD9F89E6F721E,0.001408527470750444
PDA84880E3940,0.02646713369965963
PDAB27DA3B7EA,0.026467133698971062
PDB1CFB13EC9C,0.012210619201843654
PDB59257EA96A,0.012072765589313063
PDB726649277E,0.020349566078106344
PDBB602956D10,0.00030557306972261484
PDBE2DF015C51,0.02034956607873084
PDC0A038D5943,0.02034956607873084
PDC0F1BB92BB6,0.02034956607873084
PDC9862AED71E,0.026467133698989707
PDCE9F2E29759,0.026467134092048063
PDCF409060284,0.012210619201306002
PDD1B032E15E1,0.020362001472464447
PDD4BAD894AE3,0.02034956607873084
PDD5BFA5E3408,0.02646713369965963
PDD6A9273D4AC,0.0019791798018883805
PDDA1748FCCA1,0.02646713369965963
PDDB0B2C94F68,0.014087283993961796
PDDB98578886E,0.008252365137365315
PDDE83A935156,0.02034956607873084
PDE23F50DE3C4,0.010947658483151842
PDE31508EEE97,0.010947658483151842
PDE357AFE680A,0.02646713369965963
PDE5D2DDA7811,0.010947658482617577
PDE9737D68C74,0.020349566078106344
PDEB817062C24,0.01967547392026809
PDEF03ECD18DD,0.012210619201291035
PDF0E16463CC4,0.0224629912423448
PDF55FD75ACE9,0.0019027542945746012
PDF69920A30E9,0.026467134092048063
PDF7F427F9029,0.02646713369965963
PDF9EF1671978,0.0019791798015965215
PDFC0A9900D63,0.023844438355797377
PE00BC5509AE6,0.0019027542948704273
PE0632B2A7918,0.02646713369965963
PE06B1629615B,0.012210619201291035
PE07816C513CB,0.02034956607873084
PE09537C44868,0.0019027542945826159
PE0BE2D236246,0.003435170950405577
PE164608E296B,0.008252365137840497
PE167F893D172,0.020349566078106344
PE1A6580CA46E,0.29325648942896704
PE23CA488F896,0.0019027542945746012
PE2A0D4D9A514,0.02034956607873084
PE2D0F35C4798,0.014964754244652361
PE2E4CA983398,0.020349566078106344
PE38B4962BDEE,0.014584406888815729
PE38C8D71F6E3,0.008252365137365315
PE3C9AD850016,0.0019027542948704273
PE3E709730769,0.02034956607873084
PE419A18802E5,0.0019027547638798897
PE4240A9D2958,0.020349566078106344
PE49300F2AC8F,0.008252365137840497
PE4954625D060,0.0544094102068127
PE4DF9AC6F866,0.0019027542945826159
PE52011EDB6B8,0.012210619201843654
PE533A2F9783D,0.012731482817627357
PE55B27116DC5,0.02034956607873084
PE561CCF6CAB1,0.026467133698989707
PE5809CC1EECB,0.02646713369965963
PE5B5B1C2D892,0.0019027542945746012
PE5B8CBB27234,0.0019791798015883987
PE60550260D09,0.022021555395493282
PE633730D92D6,0.014964754245239987
PE6BAEBE18CA2,0.010947658482617577
PE6EEF4E24E06,0.013131173042077483
PE70C5F794A19,0.02646713369965963
PE72F4DE87A28,0.014964754245239987
PE779ECFB7199,0.02034956607873084
PE7A792D19212,0.00013413027410692067
PE7B1AB1FB565,0.0019027542945746012
PE7BAAF673506,0.020349566444497737
PE7C0C1BF67ED,0.02034956607873084
PE83BC32BA081,0.0544094102068127
PE83BCA4DD672,0.01094765848263205
PE85F306EEE07,0.02034956607873084
PE899230B42B2,0.0160710872455513
PE8B3B2F2CDEC,0.013956755121619618
PE8E0B2B3F04F,0.02034956607873084
PE8EBB2736898,0.0019027542945746012
PE8EC614CA8A9,0.014964754244668275
PE8F9727F1D94,0.026467133698971062
PE9916C095A9C,0.02646713369965963
PE99C60CDD51B,0.0014621584663975164
PE9E64697F8BA,0.02034956607873084
PE9F27F94AA15,0.008252365137352087
PEA33E9909CC5,0.013131173042077483
PEA6FBC3D6719,0.008252365137352087
PEA8E36265AF5,0.02648047390739741
PEA970FBA70CD,0.010947658483151842
PEB1D558DA457,0.013131172720100025
PEB91F8560F14,0.009310530556721682
PEBC8B98B0AB2,0.0019027542945826159
PEBDC2E73424B,0.049439913631003966
PEC02678A7CA8,0.02034956607873084
PEC3278DDDA6A,0.02646713369965963
PEC44519601A1,0.013956755121619618
PEC47D9120F8E,0.02034956607873084
PEC6723DA4346,0.00040926205912000286
PEC855B4E7F6C,0.0019027542948704273
PEC9E3C8A74E2,0.008959319676589998
PECEA673483A7,0.00030557306972261484
PECEBDF713124,0.02646713369965963
PECFB763D681F,0.014965085245269471
PED14515940E5,9.295052300346875e-05
PED16C63E6113,0.013956755121619618
PED281C2CA9D3,0.04524229588296956
PED375A410F52,0.020349566078106344
PED38479D8A5C,0.0019791798018883805
PED5AE0F789B9,0.02034956607873084
PED5E9A433B77,0.01094765848263205
PEDC074DE0059,0.010947658482617577
PEDE8EA5EC6EC,0.010947658483151842
PEDF5DEB0AA83,0.02034956607873084
PEE1776ACFE36,0.003086870024136195
PEE180D4D1AF1,0.007996369485519789
PEE1ECE37418E,0.02034956607873084
PEE4457ABAC83,0.013956755121044096
PEF1BFBE1A467,0.020349566078106344
PEF3BF8E8AE7A,0.02646713369965963
PEF7A2380A8EF,0.013956755121619618
PEF7AB5E445FD,0.026467133698971062
PEF80B9B09AC5,0.003739836068944203
PEF8630CA5F8C,0.026467134092048063
PEF94EF82E300,0.013131172720100025
PEFBE440110D3,0.002979677509020902
PEFD01C91AAAB,0.02646713369965963
PEFEEFB9D2956,0.19875576386631238
PEFFB9DCB10C3,0.014964754245239987
PF02AD37E97DA,0.014964754245239987
PF031266DAE83,0.020349566078106344
PF09E0ED1BB62,0.010947658482617577
PF0C3750A7BAF,0.0019027542945746012
PF0DA2D946A04,0.020349566078106344
PF1376A18CCB3,0.000305573069874832
PF14E986FD859,0.010947658483151842
PF164814EC943,0.0004870801447274321
PF1926673FF40,0.020349566078088965
PF1B4C5CAF8D0,0.014964754245239987
PF1D398BDC6F6,0.02034964321156403
PF218AF0F2F7B,0.0030868700241266913
PF2545F5FF3D0,0.001902754463444131
PF297BF924B33,0.02034956607873084
PF2B436DDD4D6,0.0019027542945746012
PF2F86F8A2287,0.020350078212952073
PF2F93561E882,0.013956755121619618
PF3112C52B87C,0.026467134092048063
PF3986B275554,0.013131172719550308
PF3BCE92B394F,0.026467133698971062
PF3C81EE499B3,0.020291463512367106
PF44FD8F889FD,0.016710369120942516
PF4519208665E,0.02034956607873084
PF478FA4F1962,0.02646713369965963
PF48E0EE5480C,0.026467133698971062
PF4F8EB903910,0.020349566078106344
PF50D494D86AF,0.0030868700241266913
PF5146E509F8D,0.02034956607873084
PF51CB93DA944,0.0037423440485055675
PF55D48738116,0.016297273206703045
PF5630B0C1F08,0.020349566078106344
PF5734C9FB6ED,0.02646713369965963
PF57B97208AA3,0.014964754245239987
PF5997DBD0919,0.02034956607873084
PF5AB631F256C,0.000305573069874832
PF63DA62E746A,0.020349566078088965
PF66CB4AE0054,0.026467133698989707
PF67A24D550D4,0.0519892054410907
PF67DFCF78C35,0.02646713369965963
PF6856E4F107B,0.0019027542945826159
PF6A4B84B4C2B,0.013514061963738127
PF70EEB94C4E0,0.015512453417878505
PF799BFD3FE3D,0.014964754245239987
PF79C444179BD,0.01095765848027607
PF7AAED4CE217,0.008252365137352087
PF7B7CBDD1DB8,0.010947658483151842
PF7BEEBE082BB,0.02034956607873084
PF80E28FA1740,0.02034956607873084
PF872093457BD,0.01094765848263205
PF87D3C976B70,0.02034956607873084
PF8B12CDA010A,0.02034956607873084
PF90DFAA0DBD9,0.01094766107258089
PF91AE2B1A8F0,0.004906695324066737
PF92151B8439E,0.10376838921528773
PF92A345421F0,0.014964754244668275
PF9346F76F8DE,0.00021479484264772653
PF9423D88F888,0.020362001472464447
PF98183249E55,0.020349566444497737
PF9974F0A344D,0.020349566078106344
PF9CCC124C874,0.020074197197297087
PF9D19904F714,0.02034956607873084
PF9F2FC966D69,0.000865112705029301
PFA011AB8179F,0.0019027542948704273
PFA56185B8A64,0.0002674593027150036
PFA5F6D97966B,0.014980426969906743
PFA9ADF6D1640,0.010947658483151842
PFAC3C87FE2EE,0.010947658482617577
PFAD9D4873A4F,0.020349566078088965
PFADB80378A0A,0.013956755121044096
PFB2B4DAF99CE,0.02034956607873084
PFB2FC8CA5CFE,0.002146790311762083
PFB50C4C94F83,0.018270654222256936
PFB69B22A5133,0.02034956607873084
PFBDA52971AD2,0.013863591440902032
PFBDFAB22D8AD,0.01094765848263205
PFBFB644A8523,0.0019027542948704273
PFC491E173735,0.01590647059204654
PFC6085D8A0B3,0.020349566078106344
PFC869D6AB3C5,0.02034956607873084
PFD046DDEFE41,0.0019027542945746012
PFD63D865CB8B,0.008252365416158827
PFDB0195CC853,0.00040926205928950535
PFDDEA5DC2E51,0.020349566078106344
PFDFD8914A9B3,0.0019027542945826159
PFE0FC7FB04D8,0.008252365137352087
PFE4E710FC7BB,0.02034956607873084
PFE7ADD4C0D26,0.008261828392954966
PFEBE18365BF1,0.0019027542945746012
PFEC34466A8ED,0.0014621584661282279
PFEF00A1C7476,0.02034956607873084
PFF1770C70AE0,0.04261704783336844
PFF408C9AD98D,0.01313893042091762
PFF81C0897159,0.002842403851915208
PFF9E864B2378,0.0014621584661355185
