pair_id,evidence_hand_1,evidence_hand_2,evidence_hand_3,evidence_hand_4,evidence_hand_5
P005B60F656EA,H4B802C8C63A642,H659EA655345404,HD74212C7D14496,H69B3AF0C5E753E,H3BD669784E42AC
P046F82FBB6DB,H0B32DBD2F00CC8,H1EA19ED5FCEA27,H3DA1EA0CC3E6FB,H72121E930128F3,HBE2C92369CFD70
P05490F7640CE,HEAA1E586880D29,H916B5475505216,H10BFCC6BCCD7FC,HDF205DB818FEE9,HD4358FAD98FCBC
P0563115D9420,HBDDCA35F8A63AB,H5D4688ABC75BF3,H52BF6C0BEE00E9,H54D3D771F886CD,H5500026FA3B2F4
P07385E2D82EE,HC1CE8AB993391B,HFABCF5AD200F18,H855E14541829FE,H525C1CA451AFA5,H55C7E8DFC657B3
P074E4EC05254,H1A7E8C65EA0CC5,HAFEDB7077CCF85,H5E314A8DF30689,H4C376A0FB2178F,H602C1D05287A46
P077D27D4F294,H2B7DEF2D847E39,H135AF8E03F487F,HCC1C3D532DACAD,HDBF7D98699D986,HE7C0D31B196921
P07E8A56EF995,H37F3D3E3175550,H48FA6C929EC7C0,HF0F1FF62322F72,H613F36C2BCD066,HB2A4FB7B7A0ED7
P089CF4DA4586,HEDCE457FD28DB9,HE79DA393964C3F,H1D7E9264F7FC36,HB7E79ADF0E4B52,H0F4DAB31F156E4
P08B2D04EF77B,H27ADE6446F326C,HD061257C11D84E,H31F22970D0771F,HA231ED1AD972C9,H5BF823153187F3
P09663279A2C3,HA4203A6CAB21BE,HE1CD0A2311CA07,H233F601F8BC8F9,HB5484B5E46A60D,HFA69B265333278
P0AD348F7F29F,HA480BBF6507736,H3061DF568B9DFB,H8C98A18E81F660,H43D6917FD0C99C,H1049D7DD31D40C
P0C268B8CBDCC,H38BD97EA4774F3,H80527602AB9820,H77F3885762BD92,H981EF818B3C0DA,H02C16B1ABCC832
P0D32A85AC52B,H60B02159EE0780,HE8B8A85415D68E,HAF8E29D1AB5F31,H4D43FC0CFC85D3,H7E42869C6C9F47
P0DC6ED64D7B6,H036C7A0F074818,H858C71A781BDDB,HA7B714C32BA2E8,HCEDD1074F5D44C,HC8F4EB23E7D606
P11AB273A6AAF,HAC66D89899E4B7,H3A9B90C6D8DEBF,H71364C79518E5A,HFBD4B088CD1DCE,HA0DEB6B9C77CA9
P12B844FB0DA7,H8C685016CFC22A,H5C1DD943F026FB,HACDFF350B2F230,H3B9FCB35EBF666,H50ACD537128A9C
P13803BB881B9,HE43A14037AFD56,HE17D6D5BCB028D,HF2386F14910468,HCD5BE430F90D62,H4D7776F14DE4AA
P14AA2B923ACE,HEBD6AC5E6EFF14,HB25BA1AC5B433C,HD565A760597B8F,H69831F67ADF2E9,H7577A34369284A
P15730CFB4B78,HF1156816806A87,H39A25973EF5F1A,H92BA13E5AFBAB3,H9265780FF957AC,H3C01000B008F8C
P1670A312ECA3,H4E1805C8518D38,H80F4FE70FD4FC8,H745EAD08AA2421,HAF81D9F5AD6397,H5E7E3806F7A915
P17969747184F,H4C72051913256E,H549E824EA1C64D,HF9D93FB519F455,HBD06D46B4A4775,HC93872E1AAB54B
P18BFDC009CA6,HF3E7092952954D,HEAAE4A1E7CCC35,HD7BC93442FB3B0,H5237FC18AADFAF,H05CEE6C59DFD4C
P1BB69DE6C7AA,HC9BE0777934965,H2C4A14CE66F235,H47FFF88DA92DAC,HA7F849583E9C15,H052946D9EB2E27
P1CB2EDB0B114,H11833D6550C9B1,H0CB75D072FCD12,H3620B3C5037765,H07BAC7A43408B9,H8660966BAC7AE6
P1E57285E3378,H4AFE950C0EFB13,H26504CF76E1C60,H9778B3618A4D70,H71E80EEC363103,HC2D1FB56E04DCC
P1F8F584A9C54,HAD9D3E1848A8A8,HD5ACB7FB360F17,H2C433ECFC70CE9,H972A16834A665E,HD7D30713FBD5BA
P1FD13B4CBE11,HD1822D833EC6C1,H87540A8A16B9BD,H253B5143160270,H07119E0CC62A79,H7578EA96CDF2BC
P2208939EC568,H62A16CA3096F4A,H54077DE8767041,HE3BCA9FD7F93CE,H2DB11C3CE5EE12,HA9D87E7C859637
P22F77FE1B871,HFB177DF31E1F47,H25E34F1179F105,H223266CF62D98F,H9F9C8B844D57ED,H90D8CE7B08947A
P232151B1D218,H71F4441A1AD0B8,H78656B9FB7A873,HD1FD8FA732A862,H3388F313F9B74D,H1CF472F5F5C964
P2414B63565CA,H22EA8EE8F2B390,H3922DAB10DC22C,HD8EC79ADF74ECB,HB0B7995494F745,H859DBCF50E2749
P265AAA587567,H2641064D526F60,HD6BAA222352E72,H84D69DFED3CA71,HB23D85CF6A07C1,H19B0E9BFA233AD
P2A19529B788C,H331BBF3827BC57,H55793FCFCB4449,H575B1FAC469320,H519616AD4A41A2,H6FF662B3737D0E
P309D8B33BBA6,H6E98ADB9794F78,H88443D14546682,HD3E3BB9303B1B1,HE88514F6E4B6F0,H778D95653CAAAB
P3117E64ED97D,HA9A525BC52349F,HA25AC26F676D34,H86D957E6E82370,H0F443518680F68,H4ED0154C1AA1C6
P33CD764EDEC2,H4650060C1C9465,HC092BD95B72DC0,HE7881863B58400,H898FB7914BECED,HBF858376131E64
P3695CABBB5DF,H228DA85C3A48B0,H385998326D5C9B,H85F778B9E2F41B,HF5506AF1C491E7,H7C55FE92837D7F
P3C4548DB9363,H278068EDA84E78,H5B11D3C05365EF,HEC2499DD816B06,HE17EFE683D377D,H1A05D4A31FF3AE
P3D811FF659FF,H9CB106D884BBB2,H80822BAE10818E,H9909FF9E6FF258,H057A62436028C7,HC0FACF6E2EF2CF
P3E7D8182DF36,HE8EF3D992C3402,H3312D7A0A85ED9,HCA048E8DCC6A0E,H8A9A586E980853,HF6FF545938A22A
P3EEEBB1BA76C,H0DFF6AEC6A4659,H80ADF3598ACC83,H78AC39417EC37B,H44C3646528DAC5,H09477A8756B95B
P3F94530D8BB3,H821BA90BC44FCF,H748A763A425672,H18FCE91945331A,H469CC17AFB07D7,HE6BE7D384D6E6A
P40553C985D72,H0D8B047DAE9EA5,H89C3A70EAD45FF,H838ECED136381D,H40E2E8B114FC92,HC616CD3FA7EF2E
P409F8EB88FFD,H655B772C676951,H2B60BA8444E7ED,H29C76E709AECD1,H4244D0D10CE2F0,H6141341A5D21B5
P428DE5A18BB2,HCE6103F0AC199E,HB901C464002054,H40F1709E7166EE,H62272F9BCEF485,H28AD6B74DCF822
P449F98836531,H2DBC71647EF410,H966EF1D4CFCAB3,H14C1A524021513,HE0CB79AD1F0E2E,H268E6F71691135
P465451BCFE97,H54525D54E8ED01,HFCAB0377B1C79E,HA2FFEA5F453930,HD4B6D81235DCBC,HCBFFC3177969CF
P46F8076D078F,H618BC89C172E03,H3AD6A1E3348262,H1D5ABE67A0BA85,H9C2C2A30429A55,H259AED7EE93F1C
P47FE0ACC156B,H96B5BCBAFE6631,HF8CFAE3CA77EB1,HC7EA838D65E029,HAFB18AC12A50D1,HDF74D52D2BD3CD
P482311F1ECF2,HC6EB2A9DFEDCC2,HB3D2650274F0FA,HF4A86EDD3BED7C,HBF723ED1D94D85,H0ECC6FFEC13E3B
P49690A8E1EE2,H9BA6FA0AF75476,H6D4849C28DB775,HDEA4EE2F7D3BB8,H87BDE3F355357A,H412D27862010DC
P49CE34872F19,H6A6AD252061070,H6CA1A3581F7F0C,HA9EE9A1EBAA3DB,HEA3FAFCFB8136E,H71A548DA86B444
P4D124D553324,HDFFB58A314EF00,H6A5039100FA053,HEA584240C3052E,H1D33DDF3599BBA,H24D239E968F20B
P4E17F2E02B3F,HDC209F16123C73,HA1FA95CCE20510,HD76782F3DB49A9,HD0EB77313BD731,H43CA85DEDC4A4A
P4E84FDEA962C,H0F2D2777B85585,H4F4B0109235FF4,H75FA068272F468,H18BCC01363F681,H4896EEDB920F2F
P4FFA6A0AB0C2,H750F6CAF836A0C,HB34B88E45DE803,H84FCFBE9209485,HF2A457B31D9063,HB23463843EB35D
P50D0EBBFE283,H1C80422FACE7D8,HFFE77EEC03E2A5,HF5183AC8BE36CA,H4E09F1446608A5,H4A6A2E47B60337
P51173460553A,H6A0F853A3A2505,H8875405639AEF0,HECBDF94FF4EF11,HB04AF94E7CDFE6,H8C776CD5F282CD
P54C4B21F4F26,HC58E7FFE02AC63,H61835F028B852E,HE41052EDD11329,H1E49CE2846BB72,H8B2C84BD7FF4F9
P54D186A8C601,H5C5FB46CA60F8B,H655EC8D2B9D15B,H52DB4215C355BE,H3AEE7FC6BB0EB1,H394C585202A82D
P55643F874453,HE27426E517298F,H93C7DA84303EB6,HB7E91466A2BE7C,HFCDFF5D1BC181F,HE3E70D63EC8FE6
P55D3CD4294C1,HCFB2872F6A216C,H220F337FC86F4D,H83A32DE6192163,H4E1A28D940880D,HD49648FD6C9E06
P567ADC0DFE59,H5C2001B93A2959,HB482DBAEA22E74,HFEE5310B7D4242,H49320DEF2E50D5,H9B39F4CACA389B
P56F4A5359935,HA78F6CA14D47E0,H92CD35E5544F76,H16B394689F39B1,HAEEAE0EE1DA8FB,H251353373C151B
P588D0CEB74D2,H9EB7DB194EE168,H4EB2A1CE00D7FD,HAE447F666628A8,H1903B82B2D9764,H3725CE53ADADFF
P5A103074A885,HDADE64F9C36547,HE0978A9F208760,H7C1E7F1D0DA813,HAFACED37B67DAB,HD09FFD617CDED2
P5A506CA3CA8C,H0602729EF04029,HCE6E38830F958F,H323F072B17F84B,HB08FD71191A670,H02C277C469774E
P5BBB06BF99C9,H6A2D41CB96231B,H95B0460160D43C,HD8BA570D45F0AE,H5CC98A2F8610D3,HF88AFB8CE3195E
P5DE012B07B5F,HB6B4E56B96EB2A,H8C06181858C16A,HA9FE29571A5932,HFE9E1C05706943,H2A0861CB47C416
P5E08B89EAACA,HB8C156E24B60F4,HC3B19979238AA0,H1FB9E48FF0F963,HCE0B3F37DE4F87,H2B8900D20DECF6
P5EEC86E24D71,H81530E01A1380B,H20F26A02D0FCD3,H4D2E129858F995,H19384B9A8F1E9D,H6AE79EA671DCED
P5F35848FC2F5,HAF1B2402EE90B5,H539AB09B80BB05,H43D844B9BD56A1,H8887C74ECC6D41,H36C26B5892B788
P5F902DD26F4C,H0D3B529B78BADF,HC02F24D3827A9F,H61D491D939629D,H44DE0B0AEA927A,HAE75F28A02DBDE
P604FAD1E2FF0,HC22DD0E5D5079D,H531339BD09181F,H61917DB5F759D1,HA8D9B816977EBE,H3264338A7C3F12
P60A3E09D0CF8,H5EEEB57743448E,H8986037B1BE7FF,H70E4BB38EDB1DB,H4353BB2811870E,H650053666A3DDB
P60CD91298FC9,H4C57990EC04D23,HB5B3DDC03FD2B3,H6699DB975F42B8,H21251FA00E7AAF,HBF8705E4BF77A1
P6225608A2F90,H13E2D96FD566D9,H338E631CD86A2F,HE5BBD2A32D8749,HC590B407864D56,HD8E8E53AD3BF44
P6267F5B93E82,HD30E32A5361A8B,H7CE789019407FE,HAB1863FBDA2FFF,H3026F38D43FD22,HF3736ADE72C2E8
P63241BDF42D5,HFB55C08986D6A0,HA89EF69A523AA1,H2802A4211563DC,H2424A1E2D7B215,HEA3543ECCC5AA7
P6369FFCDE0DB,H12E57DCB582753,H365A3548AB1C88,H09F31B64939B07,H64E5485D8841BD,HD281003D68F3B2
P63739E0C4DA2,HF70C76EE4146A6,H6DC46852CF8691,HD081916CDC880F,HC418B8608EF89C,HDB347FDB3A8AB8
P639A31107D7F,H77AAFEECD4B870,HCD1C1C4987EACA,H8F440E1A633854,HE57D7BA79E6D7D,H8DC6667FF4F384
P66AC8DFD579B,H2B3E836444F375,HCE09CA5C06610F,H09D440179F501B,H9225F85174B979,H28EC59F762E9DF
P67352975AED1,HA419ABF97252D8,HE4F30E5D27085A,HDAF23DC586FF6C,H145B45A78A3E89,HC794E9731444D3
P67863F33A703,HF1078BC682E05E,H84D8A61CE50919,HE6F49EC70600E6,HC3F98096F55F7A,HF7A10E26099A7D
P69275F88767B,HFB2202ACBF3F30,H4C112AE0348361,H0F42B83F2E1625,H5B03B79A1EBC47,HC096771102CEA0
P697F8D5FD3F9,H83CDFB2DE40492,H9B548CD82FA081,HDE3C948E983574,H3F63A23D86AC58,HEEABD67E697AC7
P6987BFB37C8D,HD51D3CF4FCDF19,HC2583A9D256D26,H42FCECF243DFD2,H5D645A7B5DA73C,H09EFAA0304DADD
P6996F145A3BB,HAD1518D4347FC3,HD36534E89698D4,H5AE4B8810C93FC,H01994FF6C90230,H858C137805DC75
P6DCAEAE543C1,HAD0C38AD254D30,HA6C08CBB6A6FAD,H7A35B2A5C1FFFE,H2507BADD10177F,H6D74CBA35C5520
P71398D1EE39E,H851E2BDA5E05A3,H18430C234386E1,H29BF8C19863FEC,H8CE1A6147A7CB6,H537B9340E02262
P71D6895EF5A8,HD5418072CD44B9,H58B6FF0EBA4D7A,H6BC170650BFD70,H908D3602C7A8D6,H45CCC89EA8926C
P71D9C001BE9C,H3062297CF2DA45,HDB979F5F4500C9,H1C0D40F3681C46,HA87D9C95ABEA55,H09D52B153B48A3
P73826C7E0BC8,H857424D213BF85,H5AE678B8CF1F98,HBCEEFB86017360,HF341FE01CB8FB7,HD77082F9B8F1D2
P73C7B70AC62E,H1AAD66AA7B4060,H92121BE2F1ECAA,HAFF37BFF160464,H84D737DFCEDCD9,H44F21EAB456150
P755D8EB6CE2E,H55F8206D0ACEA5,H8176D1B39342C5,H54B1DB673236AD,H77498B47B46A10,H881C4D303EF0D2
P78D6FFDD70FC,H4F9F6C83036C93,HB9A98BBEB4D42E,HAFAD20A1A2EA62,HE1315F5884673E,H830B7ED437BD84
P7AA791698BEF,HF0D5427F3766E2,HBF5AAA3ED9D7AD,HEC6097C360C88E,HEDCD56278BA18A,H40E69E1C572779
P7B1C5EEF8FF3,H8C8B4B5F606CC0,HAC93343F9445E0,HE937C0322EF2BE,H85FAB76ADD74B7,HD10C0B1E564B68
P7D94258BEF99,H241169EA828B98,HDE95CBBB19101C,HDDFCD39B9E5A8C,H911D21C83E19E8,HCE1EE4B16CBBEB
P7DD6785222BB,H2CEF99CA9558E4,H2CEF2635E96F6E,H6197855BF57B95,HF18DA9EA2D7DB6,H8D94A029648A10
P7E65858C0DC1,H7A85B84916B8BD,H33B37BB2756739,H82E9D8CD0A6E96,H0EDE5BC029B894,H5CF03BE17897D9
P7EE425ADC41F,H55AFCEF51D5281,H543EFE0BA92CEA,HD4B0A74FAC4F06,HCE02C587BC03E1,H625E329E6CAD61
P8046DBBC854E,HF5884DC4131E79,HE5F9B7BE038D8D,H76EF4C1B96E92E,HE3C9FAC00BE1B2,H17732FFA8843C0
P805A1BBF756D,H7AC35964285DF1,HFEEC38A627361A,HDA41C8D6B2FCE6,HEE02EB82B920D7,H89240F98224E1D
P8195B2F80898,H0B2E6FA08E898E,H857EAAA2AA1C12,H62A6E9A106BD67,HBCB0F5A9957EBA,H857AF5C8C9B45A
P844858D81032,H8BF6DDFCBD5865,H3A16A4D433ED7B,H50EAE54CF66424,HA9EA5C9A5F547E,H39DD41C7074641
P865E47E23969,HE64CC11EE21522,H825673F9E15B80,H0B89755CF37679,HC6FFE93D4F8CE4,HF52FBE6A5195FD
P8662213187FE,H329A2A1DEB921D,H30A7808248ADCC,HD563A41B4B56AD,H183522A7059730,HECF582A046E524
P8699E8B2675A,H5C4595FDFFEC60,H36FDADAA0CEE79,H9A7584BE09EB56,H79472D90FEF3EE,H96063342029031
P8B2DD90CFF1B,HC699CF5CF46F05,H37C879B7D9FCC5,H0ABB6DD20DDABC,H577CA3657D0807,HE432FF2BC98873
P8BEC056339A9,H970886FFD5F234,H3BE56DEED1C0C3,H3777ACF71C11D2,H07452897E3D23C,H14C0D2CB51F577
P8C54DEC7676F,H9ADE21A98736EE,H40AD0A3A17DA4A,H9462042384F084,HE4DEE846AB8D33,HB061A50B18572F
P8D13F7D975A0,HC2BB1C2A9B8BBA,H1061212BE51C18,H6CEC1CF01343BA,HAC6CA593774766,HEB208A1198D4B9
P8D9A777728CB,H432C4C37E9A99A,HC1B7DFB70867CD,H515CE7BC81FC91,HF49CD780C13F4F,H3142CD98BCD58F
P8E0473B981EB,H72EB3EEA3B544B,H65A7EE1B8A4E9A,HDB531F5F3DD9FE,H37479ED3649D52,H4829CA12EBE807
P904FB7191439,HCCA9E455C47C4C,HF63E009A26BDAB,H08FD86842A91ED,H11E94C2BDBEEE3,HFCA5F091659D2F
P909812DA6F0F,H73D5B25B6CB1D0,HF70D07B1040C28,H130D26497CE5F3,HD0CF7DEF65889F,H0AE0830F960FB1
P90D33EAD87C8,H8A7C80D77BFC5C,H870168465B2D02,HF8150A68F087D2,HF5D5B589AE253E,H69ED577EC77FF3
P91D37602EDCA,H6329D63A84DE32,HCB75282AED1F15,HE6B322B52D590A,H54CB30F40C71AE,H7C5CDDA9EDA9C9
P9207B8944326,HCC7F9F4BC147A8,H5882C564B255E2,H6C2597F8383B87,HE3C6DDA6D23823,HB8F6856B13AFB8
P93D6A3BFE4A0,H9AB91CD2640024,HF11341C92823D4,HF36E5E19A02D4D,HEA7A1A439F937A,HDB29AB7A7FCF15
P946BC54FDE58,HE8640F63656168,H014154D9954FD7,HF1851765B5C7A8,H8D9C31153ECBAB,HF3EA9703AD1872
P94E8DA6B408E,H3F97E6E89468EE,HF5E55F00BF30FC,HA0CBD437D51A55,HA21147B03B9B4D,H21D5D8E34DA11D
P950601671AB8,H77E70607F71ED2,H7525A80567403D,H31F46BE9A822AB,HD76782F3DB49A9,H01D5D7E705E1C7
P9594A4C27375,H8291BD0F470A12,H832916DBFAD0B2,H68F08F32E6A98D,HCA1F3C3E82D685,HF275F908EDBC1D
P95BEEB8C7323,HBD12F7CAC6078C,H5D135E233021F1,H16EC7BEE805D85,H95CC4CA8E9C0EB,H4FF22C4E7B5D87
P95D3761FF3C4,H6D2C20E9F1133E,H2D1F9F8D4E57C7,HC71AFAF13EE70E,H4056417B2D2B8F,H06171C6C794962
P9753FE4034BB,H56DE58229E78DD,HE254434C441643,HC7E3E49D1EA777,H7E8FFA5911F8F4,HDB82EF3C6679B4
P97F33CC8DC44,HE99138810E4996,H52602699F088F2,H5A9DE0A6ED227F,H324A5B8EE1870C,H6DA7BBEEAE2D1E
P9933821D40B9,HFC56DC0A58D8A6,HAFA6C9ED40FA7B,H6CE1FCC339793E,H0682DFA2E34D93,H1D5907CB4A0E1C
P99C8BBFBFA77,HB15D72DDFF349A,H936FE501540C87,H4AE1AEC7508123,H09E6D3FDB9760D,HE9E0C688C7FD71
P99F09419EA76,H46A3D775501AA7,HE7FEF112ADD152,H500510228B4354,H81ACEF696C9502,HE972F20B969463
P9D45E369533C,HA2FFCB8051007B,H294C6F26992C5C,H1122972BB46ABB,HB514C716412897,H5FD34845DD8344
P9D4F148725C8,HC296FE9A5D8CBB,H4D7281BAA1D758,H0E251FA6DA74E6,H500E66E4EC924F,H442D6D4B8A815E
P9F401017540A,H00E32F4E853377,H4793288AD5AB05,HACB97D8D180E8C,H23EB19288800AD,H47C66F8B04B2F0
P9F74F836D7DB,H799713DBF57116,H1D094C1ACC6BC5,HF6B06E1CB2893C,HECE462A0B78E64,HB24A5625598462
PA0162818E0CD,H0681B79C4905E7,H897520ECDA48CD,H1FD130085400B1,H0E32E40B2E8A8A,H2AD4B969509DE1
PA159B37C59DA,H2403150A3D15A8,HF5648210F5E1B7,H400097482B0BC3,H685708C68AE9F9,HEAC5F1D4A94213
PA243DCC51FF7,H8603524EDFE0CB,H8EB7C9F4A982EC,H855A7DF8AD6553,HDBB7F7F70DF9F4,H802FDD4216A013
PA2C9E0479388,H1FD2B5BE0ED945,H9154A723BFDBF5,H046177CE8D5380,HE7393AFD34E335,H7EF4BAD494853E
PA34A0ED789BF,HF211224865C4D7,HEC34B11A10807F,H6D8A30FC084C81,HBFF2D519EDA5F4,HBF4082E6B2B01D
PA355EE1B62DE,HB3E9C8452B6E55,H964F5BF7C45319,HEA07E44A70ED4C,H4FC5FCC2821E3D,H18824CB83EEA3C
PA3FA586803F9,HE8C554C88D89E7,H2A5AA9B10C14D8,H564C5A38E763EC,HBC95F2DA13F0DD,H5E5A690427C8F0
PA43744FCB102,H6F656A9C91A950,H2F7A8E3A7C7ABD,HD0CBE20C01A319,H3D9A506E6F9A71,HF2809F6F7E9342
PA478F77370F8,H515C8C89E3AC72,H274C3143C1F04A,H89563031F6E205,H9A1C9A3E147FC0,H0C6F3CC2377887
PA60812D64169,HC3BD95E2A59C77,HAAEDD3BD034CA2,HEA90D080CE0199,HF17072A14AD7A4,H7C5046C8036E51
PA94F91297811,H9D1BEDAA811CF3,H7D1D5BFDA5CEDF,H2BBFD23EA93C21,HCDC586822AC5F7,H6842E06C4F20BC
PAD0E8BDAE765,HC171F276D05001,HF4B1965789D874,H369CEA8CC3721E,H40D1B566D5B217,HD84DAF2F029469
PAD651A605153,H147DD35ABCAE4E,H790A9B03F80971,H8A5C1B7BC50A53,H057F5971E11A7E,H3D96D922F82DA4
PB0972FC4EBC2,HEBC9C049AEDA25,H4EABB74A8C9458,H9A1FE582C9C843,H123039959624CB,HC0E5D27C8C9EB3
PB0DE441A732F,HA0514008C2FAA1,H1185C3040A49E4,H6AD973BEAF98EC,HDAE74F720CADF8,HD2EC668D680435
PB161AD7886EF,H4D5D7EA850778D,H44851F92D4060D,H27A4EE3B492EDA,H59CF990EECF9BF,H9F243A73957884
PB3BFB58892C4,H3418893ED4D556,H4E1BD48BDB3AD5,H226FB2BF45BCAF,H7A0AAB498920BE,HAC2BF38FCB5692
PB47783065BFC,HF806EA0824D77F,H3AFF9101936EDA,HBD1130CA3AC81E,H171D8DD4939D05,H48C0A77A7AED60
PB60975AAC226,HD7D1B71B6B97CB,H06117FE0DB214F,HBD4C82A3ACAA6D,HA9F6C654E3B4C3,HAF46A35337A901
PB6D3E5A5E44B,H478C6030004AE0,HA368B8CBF2BF33,H0FFFC4F8ECFF53,H78B12A5418D081,H011648B8B670BB
PB7EFE5061FA5,HF6276FE8E6CF2A,H20A428D5BB3938,H4DFE00613AD28F,HEE53053BCCF522,H4672D81B154D7A
PB85558CB06B9,H810021008A2426,HD6C77D4957B8D6,H06837E1EC340AB,H5565A2E79ABB5E,HABAC35B73A943B
PBB9F4387DA2A,HFF862025DD13CE,HD42131F2167E10,H1237C1750BD7A2,H944D10BEBFF562,HAA701E5D7E3532
PBBFC266BA137,HA74361EA062E6B,H2036ED88FFB93D,HA4AD69382B71E1,H384E96055A494C,H70DF3056F0C837
PBC56347881CE,H6D9565A0237789,H2B751139312B1B,H741DFA06F51368,H96B7B85A6D9474,HCFE8668489715C
PBC9159ED6997,HDCF9649963DEE9,H2C3B75EC3470D7,H66C6C972A77B08,H3CA20E768CAE4F,H1F39DB15D73FB7
PBE43133F5662,HA82592ED8E59E8,H08556DCF0A7ABD,H0B32DBD2F00CC8,HB96E0150532ACA,H3E41D354B7BA09
PBE8CFAB7229B,H081AA9DA9BCDC2,H562311A5585E43,H6E260D14391C51,HF99F2FD664B1EB,H2160D21859D1CE
PC171E9EFA806,HCC0F1C5A7903E9,HFBFCE1154CBD98,H1BEF72C5640774,HAFAA79CD5E8D33,HEADBA701C3785A
PC1A1C99A3E10,H148BA5CA269B22,H56F657DCB6AAD4,HF04B07DE46830A,HD013B0C65317C0,H229C444CD4B322
PC43DF1CA1C3A,HE446D0BB5320CE,H0EA2CA3284637D,H82B98E0EC42101,HEE7BAF4255EC4D,H57B31AA0F83DD8
PC6F60A353932,H9F0D0FE77361A3,H52A66F63414ED2,H2E7448DA14BD85,H4555E7112F6BDA,H41C241D2054E5C
PC715A431F596,HEC9983D96CB09B,HD00B80A8878891,H6E0CF03D036820,H94C3033DED1365,H65A371F2D842C6
PC7F388D31C72,H6839F01845EB2A,H6578A1AA5C384B,H20DE3C8B4A0C10,HA40119D7EF00FC,H4BD05AD71D2960
PC87B7F7E65B2,H8E09E1F73DF620,H5F889E6C0A7397,H69BBA2AE48771A,H2EF9279E4579F9,H4E36B7645DDAC9
PCBECBD3DD35C,HCB229750D41DF3,H8BC6855CDB6BF8,H4C376A0FB2178F,HA88164BC235391,H0024961FAEAEE9
PCBF4D997E3C1,H0B4B03488C7FFD,H17C8EF5303D814,H1488B4A6A0FA1C,HDE7DDD6D2578E1,HE22F21E78C2DCD
PCC8BB7078D05,H43F8BFB62B04A1,HCA46E9A2BCECB0,H4502AB6E505D89,HD0789F3CAC65FC,HFF74AA2B3FA18B
PCECA43E777E8,H91C65505903152,H1D801FAFF87714,HE3CC69F813A77D,H74DD34F7EEC400,H9CE38772609397
PD0490E3537A0,H84AF68F81E6AA2,H952E51AF4ADABC,HCD5AECB09E7397,H028237233A6451,H86AB890D667460
PD0EDD0A894D5,HEA5FF5C4752200,H0390FC4F17A759,H7797C5359D975C,HE323EF06A44E24,H7CF780E26329EE
PD2973EB9DFDC,H81F47ECECDD385,H1E34C21B38883B,H09637226C07AF2,H105C728AF4040B,HEFFC7B4E2BD87E
PD2A880826518,H964911754E8287,H2E5487542BD524,HD9163517C76886,H8879DBF2884823,HA1906A6F2C988C
PD2B942DA9F21,H619F195F263FAC,HD19E2A8EAE8A2E,H83692FFE22B43B,H9ABA131CE5885A,H3DD25F2BA70387
PD2E5DDAB9C5C,HED853BFD5409DE,H7445B4C924E016,H6FBC704C77DA82,HA4C2141BF57ABD,H2D1C554A39F274
PD500A647C68A,H67BB79AE67A9CF,H680AE5EBA99D86,H158E78C37DC72F,HCF8C7542278DE2,H0887FDA837680D
PD77D2247A1FD,HE5DA6AE8A8B464,H0A92F48557320A,H0093E2EB0BA20E,H5CABC74B5BB302,HCF2466DB5DF95F
PDBBCF04ED8F3,H84D1C72BA78F5B,H5201281F1C2BEF,H3A88FA0CC956DD,HADED4EA5AF25EE,H2D4E1006F8A88A
PDBC8E16F872D,H5C642A396F4E1D,H68BE3C6CC87AF3,H148BA5CA269B22,H317FEFCFFB348F,HCD42CB192D091A
PDC2BE528794E,H32269FAE8ED24D,H26753AAB671969,HE4983B79036EAF,H48CDF368A1FB14,H1FEEAC715C7F98
PDC687210294F,H0602729EF04029,H18296330083684,HC60B1ECC0EB4C0,H9BA3BE4997458A,H981DA286EFBD35
PDCA7A15CAF55,H843D1DDFC25883,HD4491A7C7A70C0,H48EEB0F58FCF4C,H4780E4E0CA0997,H3EE661B3C3E61E
PDD9A686D373F,H7DF76FDDBFC38C,H277DAF10B9A36C,H6E4CCBC8A5E891,H28858F303350A1,HE4502F021FDF8D
PDDC1A392996F,H4E237CE4AB0FEF,HBE579B4F50422B,H5B587BA55675B2,HE266EA11A06D69,H03CB185AF90BC1
PDE7909D72A0B,H629D6A7BCF9C29,H09865393C930CD,H9C5372DBD55C6F,H766943BB39C8F4,H9CE67EF2BB38AE
PDFA6A306F891,H5D42C29C01C34F,HF049B8C5C9F98A,H26DF804DC5D6D1,HA092065FFDC109,H48D9BAB1AAB4CC
PE0B80C2C5D53,H1C0EDD35118B1C,HB006C970A69D36,H69E01B5D33B1DB,H26A30284312992,HA32937348074AF
PE103B0035986,H6D429637E39374,H5F28C28800D9F6,HEC4ABBC6CF66E8,H053E64CE11F5D5,HE281FCCF0E7CE0
PE207D4A85DC0,HE82B6BE81A772E,H6E98ADB9794F78,H18F9B2CFE78EE6,HB20F602E8A5C70,HE19A8690DBD9D2
PE367D05ACBEE,H669EFD03D51783,HA92A45DFAF61AF,HAFCEB158F41CF7,HD3FE8B3DDEC529,H6794A3E0CB20BD
PE36E778EFCC6,H6D1F26D7EA060D,H21EA2EDF66FB78,HBE908157AEE7F6,H5B1B92C4BF37C3,H3655317FF4393B
PE386FD65B0EA,HD61D7BE73C6DC9,H2980FA76C33D9D,H385CDF19CBBBB3,HEBE5F42465F97A,HE09C206539B8C8
PE42A334EB4D0,H5DB3F1CC25461F,H6332D10892CA66,H1B9ECA66BDB96F,H5C1BB834AAF955,H80A8D4458EAAA6
PE434D6049507,H1B190732957387,H0E48D72800EAB3,HD20BEF2ED080F2,HC4ECC876E494AA,HC04C3967DFB7A0
PE4777B3B1AE0,H0B988B8B655C45,H77FD3AEDEBF6E1,H1971ABFF33AAF3,HECA9B82AB9E28E,H7F8ABB7AF563CB
PE4F87C8A0CD4,HC351D0B8594CC7,H68582917C9C84C,HA25194DD440799,H95597DB617BE8D,H53D0CD0C130739
PE5AEF37DBBBF,HCF396957A3C974,HA5CD814D80F802,H4C60FBD5CCCD32,H8193D05960D028,HAC2F88F5CD6EF0
PE691DF76D715,H98EB1C9F2E8616,H455FE330DF1593,H96A2AC11AC63E2,H0BFDCA5E9F6493,H134D10C5C21148
PE763F5DB311A,H39D2C93F8A07D5,H209D8BC9AEE215,H854445D73848F8,H26B67D286668CE,H61EBE210212DAE
PE7BF65BB0A49,H225D6A4CE719E2,H0F443518680F68,H2875E15D89B2F5,HDE16D61D6754A4,H01E957E57D6112
PE8C3FD15FC0F,H784583A9A8F6B7,H21A218F68489E5,H4531E94B35032F,H377E5B08E188B6,H21CA810D54C7F2
PE9A3E2A3C70D,HC0F4823618150E,H17F4FF30CBCC97,HC8DF4656725A9D,H09CE91F5EE4AF3,H488A3DFBE9AC71
PEAD2D221E818,H20B5C1291C2CD2,H49DA518EE30810,H2D14DFCCCEF013,HBE4ACE79AB3C8F,H6740C5A74D12AC
PEC48A8A4B2BB,HC8200D607C5B9B,H2FDFA3F5560A7D,HEA3174E113DA9E,HD00B90564C7276,HB38735727D2F83
PEC74878658D2,H81EA5FD6150C1F,H76C4FE1D1F47C5,H899E1D9BD9EC51,H0F570884748B11,HB2990275A7E18B
PEC92C8D009B0,H446D99F73EE1B1,H9E46A54314731B,H8C196A9B55DA5B,HEE67DE9192FF7C,H40ADA08ACD9E6F
PEE38624DCB61,H56FA8D6BE16805,H0CB6569005419E,HD626F4C6816E13,H2436A700BE1F57,HE3C1FB09050A30
PF0ED0B43ACCD,H8D4A0DF9866B94,H14326376E7231C,H22ACD9438614A5,HAE0AEE89BEF08D,HC8E82F40A24ACD
PF2F71F50A5F3,HFAE71FD247379C,H9EA56500963CF3,H4C83882D2E2D3E,HB95B81BA220FA3,HA6FEB338916EAB
PF41C1FEA37AF,H791AE71B7D3F67,H4C875D2A346835,HAD159424B7D067,H653CEECE67496A,H393FFF614CFEFF
PF54C6A44AE9D,H631772AB6AADAC,H8796C7A3DC65FE,H1746CDD04D82C0,H81859B83EF9A49,H09F44FFD582BBF
PF5A60DB2724C,HF3EDDB2160B8F2,H1E0481BA4FDB4D,H1C55E907366C31,HF2F877352B632C,H9F7D458A97C6DC
PF5C1A7404085,H8D7F6F50E645B4,H68E79FF51490FC,H790EC29651FE3A,H3D86BB2BC68AE1,H98EB6F592591F6
PF94104ACBF4F,H5922D206A7B8D2,H9829183318A176,H653AF5278FD18F,H26177D2EEF4B9B,HB0401441EFC766
PF967C19A5B4D,H15A3BB04A2A7BE,H19E15439F75BE8,HBBD363D73FFFE6,H8CDCA4D4424637,HCC0F00FE614FAA
PFA4C04CBFB6D,H948FC601680333,HCC333DD64A3218,H3508C4C9BEE8DE,HB477DD1610CD54,H51D1637E1EDBB9
PFB40D5C9A1AA,HBB99B7D713AF09,HFD48A6C3435334,H126FFE83F58B61,H9B0176D8A6D712,H0996B160A4EA5A
PFB7BDA59A5BF,H250BF2321D7556,HF3BBE678A24AE8,H5ED994663D5397,HE06BBEE6836C27,H81F8FEECC3D28B
PFBF0CD66BFDE,H0BFE570A4BBF2C,H71A3EEFEF0A3BF,H307797AF3AE2F6,HF0EC09AFE6D50F,H50F23449F25990
PFCC0A069FEE0,HF58628B4E8B1E3,HC0DFADE79EC686,H995CB1F0BCC963,H93762EDEDAEFB6,H75BA331134A9B4
PFD7E76D056DA,H4BCEB8E47CC09D,HBAD30AE6BDCF85,H26F84649E57EA0,H4D17FE2EA7B4AF,HAFE280760D1B1E
PFEE98A23605E,HA3F9E44244AE75,H7E3A643C92F1BE,H380193AB6DCD30,H16373E27CA3AD3,H1286E804FCBCD4
